[{"title": "Athletic Bilbao Vs Valencia CF\n", "date": "21/08/22 18:30", "prediction": [{"3 Way": {"1": 1.57, "X": 3.6, "2": 4.86}}, {"Both teams to score": {"yes": 1.8, "no": 1.61}}, {"Double chance": {"1 or X": 1.2, "X or 2": 1.95, "1 or 2": 1.23}}, {"Over/Under": {"over 5.5": 14.4, "under 5.5": 1.03, "OVER 4.5": 6.84, "UNDER 4.5": 1.11, "OVER 3.5": 3.38, "UNDER 3.5": 1.24, "OVER 2.5": 1.87, "UNDER 2.5": 1.64, "OVER 1.5": 1.29, "UNDER 1.5": 3.06, "OVER 0.5": 1.07, "UNDER 0.5": 9.0}}, {"1st Half - 3 Way": {"1": 2.09, "X": 1.97, "2": 4.86}}, {"1st half - Over/Under": {"over 2.5": 6.66, "under 2.5": 1.08, "OVER 1.5": 2.7, "UNDER 1.5": 1.31, "OVER 0.5": 1.37, "UNDER 0.5": 2.48}}, {"Halftime/Fulltime": {"1/1": 2.25, "1/X": 15.3, "1/2": 54.0, "X/1": 3.87, "X/X": 4.86, "X/2": 9.9, "2/X": 16.2, "2/2": 7.92, "2/1": 25.2}}, {"Odd/even": {"odd": 1.76, "even": 1.7}}, {"1st Half - Both teams to score": {"yes": 4.5, "no": 1.15}}, {"3 Way & Over/Under": {"1 & under 4.5": 1.74, "X & under 4.5": 3.38, "2 & under 4.5": 4.86, "1 & over 4.5": 9.0, "X & over 4.5": 90.9, "2 & over 4.5": 40.5, "1 & UNDER 3.5": 2.08, "X & UNDER 3.5": 4.14, "2 & UNDER 3.5": 5.4, "1 & OVER 3.5": 4.86, "X & OVER 3.5": 16.2, "2 & OVER 3.5": 22.5, "1 & UNDER 2.5": 3.38, "X & UNDER 2.5": 4.14, "2 & UNDER 2.5": 8.64, "1 & OVER 2.5": 2.56, "X & OVER 2.5": 16.2, "2 & OVER 2.5": 9.0, "1 & UNDER 1.5": 6.12, "X & UNDER 1.5": 9.9, "2 & UNDER 1.5": 12.6, "1 & OVER 1.5": 1.92, "X & OVER 1.5": 4.86, "2 & OVER 1.5": 6.84}}, {"3 Way & both teams to score": {"1 & yes": 3.56, "X & yes": 4.68, "2 & yes": 9.9, "1 & no": 2.34, "X & no": 9.9, "2 & no": 7.56}}, {"Highest scoring half": {"1st half": 2.92, "equal": 3.06, "2nd half": 1.88}}, {"Handicap": {"1 (0:3)": 11.7, "X (0:3)": 6.66, "2 (0:3)": 1.1, "1 (2:0)": 1.02, "X (2:0)": 8.46, "2 (2:0)": 25.2, "1 (0:2)": 5.22, "X (0:2)": 4.23, "2 (0:2)": 1.29, "1 (1:0)": 1.16, "X (1:0)": 5.22, "2 (1:0)": 10.8, "1 (0:1)": 2.52, "X (0:1)": 3.15, "2 (0:1)": 1.89}}, {"Double chance & both teams to score": {"1/X & yes": 2.02, "X/2 & yes": 3.1, "1/2 & yes": 2.56, "1/X & no": 1.86, "X/2 & no": 4.05, "1/2 & no": 1.78}}]}, {"title": "Atletico Madrid Vs Villarreal CF\n", "date": "21/08/22 20:30", "prediction": [{"3 Way": {"1": 1.78, "X": 3.29, "2": 3.96}}, {"Both teams to score": {"yes": 1.76, "no": 1.64}}, {"Double chance": {"1 or X": 1.2, "X or 2": 1.71, "1 or 2": 1.26}}, {"Over/Under": {"over 5.5": 15.3, "under 5.5": 1.03, "OVER 4.5": 7.56, "UNDER 4.5": 1.1, "OVER 3.5": 3.6, "UNDER 3.5": 1.22, "OVER 2.5": 1.96, "UNDER 2.5": 1.57, "OVER 1.5": 1.32, "UNDER 1.5": 2.92, "OVER 0.5": 1.08, "UNDER 0.5": 8.46}}, {"1st Half - 3 Way": {"1": 2.34, "X": 1.9, "2": 4.32}}, {"1st half - Over/Under": {"over 2.5": 7.02, "under 2.5": 1.07, "OVER 1.5": 2.79, "UNDER 1.5": 1.28, "OVER 0.5": 1.4, "UNDER 0.5": 2.38}}, {"Halftime/Fulltime": {"1/1": 2.66, "1/X": 14.4, "1/2": 45.0, "X/1": 4.23, "X/X": 4.41, "X/2": 7.92, "2/X": 15.3, "2/2": 6.3, "2/1": 27.0}}, {"Odd/even": {"odd": 1.77, "even": 1.69}}, {"1st Half - Both teams to score": {"yes": 4.5, "no": 1.15}}, {"3 Way & Over/Under": {"1 & under 4.5": 1.93, "X & under 4.5": 3.1, "2 & under 4.5": 3.96, "1 & over 4.5": 11.7, "X & over 4.5": 90.9, "2 & over 4.5": 31.5, "1 & UNDER 3.5": 2.29, "X & UNDER 3.5": 3.78, "2 & UNDER 3.5": 4.5, "1 & OVER 3.5": 5.94, "X & OVER 3.5": 14.4, "2 & OVER 3.5": 18.0, "1 & UNDER 2.5": 3.69, "X & UNDER 2.5": 3.78, "2 & UNDER 2.5": 7.02, "1 & OVER 2.5": 2.97, "X & OVER 2.5": 14.4, "2 & OVER 2.5": 7.2, "1 & UNDER 1.5": 6.3, "X & UNDER 1.5": 9.0, "2 & UNDER 1.5": 9.9, "1 & OVER 1.5": 2.23, "X & OVER 1.5": 4.5, "2 & OVER 1.5": 5.4}}, {"3 Way & both teams to score": {"1 & yes": 3.96, "X & yes": 4.32, "2 & yes": 7.92, "1 & no": 2.66, "X & no": 8.64, "2 & no": 6.12}}, {"Highest scoring half": {"1st half": 2.97, "equal": 3.02, "2nd half": 1.89}}, {"Handicap": {"1 (0:3)": 14.4, "X (0:3)": 7.56, "2 (0:3)": 1.07, "1 (2:0)": 1.04, "X (2:0)": 7.74, "2 (2:0)": 20.7, "1 (0:2)": 6.66, "X (0:2)": 4.68, "2 (0:2)": 1.2, "1 (1:0)": 1.21, "X (1:0)": 4.68, "2 (1:0)": 8.64, "1 (0:1)": 3.06, "X (0:1)": 3.24, "2 (0:1)": 1.65}}, {"Double chance & both teams to score": {"1/X & yes": 2.06, "X/2 & yes": 2.74, "1/2 & yes": 2.61, "1/X & no": 2.02, "X/2 & no": 3.46, "1/2 & no": 1.85}}, {"Atletico Madrid to win both halves": {"yes": 4.86, "no": 1.13}}]}, {"title": "CA Osasuna Vs Cadiz CF\n", "date": "20/08/22 18:30", "prediction": [{"3 Way": {"1": 1.94, "X": 3.02, "2": 3.6}}, {"Both teams to score": {"yes": 1.84, "no": 1.57}}, {"Double chance": {"1 or X": 1.23, "X or 2": 1.58, "1 or 2": 1.3}}, {"Over/Under": {"over 5.5": 18.9, "under 5.5": 1.02, "OVER 4.5": 9.0, "UNDER 4.5": 1.07, "OVER 3.5": 4.14, "UNDER 3.5": 1.23, "OVER 2.5": 2.17, "UNDER 2.5": 1.54, "OVER 1.5": 1.39, "UNDER 1.5": 2.61, "OVER 0.5": 1.1, "UNDER 0.5": 7.38}}, {"1st Half - 3 Way": {"1": 2.52, "X": 1.81, "2": 4.14}}, {"1st half - Over/Under": {"over 2.5": 7.74, "under 2.5": 1.06, "OVER 1.5": 3.06, "UNDER 1.5": 1.24, "OVER 0.5": 1.45, "UNDER 0.5": 2.21}}, {"Halftime/Fulltime": {"1/1": 2.97, "1/X": 14.4, "1/2": 45.0, "X/1": 4.41, "X/X": 3.96, "X/2": 7.2, "2/X": 14.4, "2/2": 5.94, "2/1": 31.5}}, {"Odd/even": {"odd": 1.79, "even": 1.67}}, {"1st Half - Both teams to score": {"yes": 4.86, "no": 1.13}}, {"3 Way & Over/Under": {"1 & under 4.5": 2.04, "X & under 4.5": 2.83, "2 & under 4.5": 3.6, "1 & over 4.5": 15.3, "X & over 4.5": 90.9, "2 & over 4.5": 36.0, "1 & UNDER 3.5": 2.34, "X & UNDER 3.5": 3.38, "2 & UNDER 3.5": 4.05, "1 & OVER 3.5": 7.56, "X & OVER 3.5": 16.2, "2 & OVER 3.5": 18.0, "1 & UNDER 2.5": 3.6, "X & UNDER 2.5": 3.38, "2 & UNDER 2.5": 6.12, "1 & OVER 2.5": 3.51, "X & OVER 2.5": 16.2, "2 & OVER 2.5": 7.02, "1 & UNDER 1.5": 6.12, "X & UNDER 1.5": 7.56, "2 & UNDER 1.5": 9.0, "1 & OVER 1.5": 2.56, "X & OVER 1.5": 4.41, "2 & OVER 1.5": 5.22}}, {"3 Way & both teams to score": {"1 & yes": 4.5, "X & yes": 4.23, "2 & yes": 7.92, "1 & no": 2.79, "X & no": 7.2, "2 & no": 5.22}}, {"Highest scoring half": {"1st half": 3.02, "equal": 2.83, "2nd half": 1.93}}, {"Handicap": {"1 (0:3)": 18.0, "X (0:3)": 8.1, "2 (0:3)": 1.04, "1 (2:0)": 1.05, "X (2:0)": 7.56, "2 (2:0)": 20.7, "1 (0:2)": 8.1, "X (0:2)": 5.04, "2 (0:2)": 1.21, "1 (1:0)": 1.24, "X (1:0)": 4.41, "2 (1:0)": 8.1, "1 (0:1)": 3.51, "X (0:1)": 3.24, "2 (0:1)": 1.53}}, {"Double chance & both teams to score": {"1/X & yes": 2.19, "X/2 & yes": 2.7, "1/2 & yes": 2.83, "1/X & no": 2.01, "X/2 & no": 3.02, "1/2 & no": 1.84}}, {"CA Osasuna no bet": {"X": 1.61, "2": 1.77}}]}, {"title": "Elche CF Vs UD Almeria\n", "date": "22/08/22 21:00", "prediction": [{"3 Way": {"1": 2.29, "X": 3.02, "2": 2.79}}, {"Both teams to score": {"yes": 1.72, "no": 1.68}}, {"Double chance": {"1 or X": 1.35, "X or 2": 1.49, "1 or 2": 1.3}}, {"Over/Under": {"over 5.5": 17.1, "under 5.5": 1.02, "OVER 4.5": 8.1, "UNDER 4.5": 1.09, "OVER 3.5": 3.78, "UNDER 3.5": 1.2, "OVER 2.5": 2.03, "UNDER 2.5": 1.53, "OVER 1.5": 1.34, "UNDER 1.5": 2.79, "OVER 0.5": 1.09, "UNDER 0.5": 8.1}}, {"1st Half - 3 Way": {"1": 2.88, "X": 1.84, "2": 3.38}}, {"1st half - Over/Under": {"over 2.5": 7.38, "under 2.5": 1.07, "OVER 1.5": 2.88, "UNDER 1.5": 1.26, "OVER 0.5": 1.42, "UNDER 0.5": 2.29}}, {"Halftime/Fulltime": {"1/1": 3.56, "1/X": 13.5, "1/2": 36.0, "X/1": 5.04, "X/X": 4.14, "X/2": 5.94, "2/X": 13.5, "2/2": 4.5, "2/1": 31.5}}, {"Odd/even": {"odd": 1.79, "even": 1.67}}, {"1st Half - Both teams to score": {"yes": 4.41, "no": 1.15}}, {"3 Way & Over/Under": {"1 & under 4.5": 2.43, "X & under 4.5": 2.88, "2 & under 4.5": 2.92, "1 & over 4.5": 16.2, "X & over 4.5": 90.0, "2 & over 4.5": 20.7, "1 & UNDER 3.5": 2.79, "X & UNDER 3.5": 3.51, "2 & UNDER 3.5": 3.33, "1 & OVER 3.5": 8.64, "X & OVER 3.5": 13.5, "2 & OVER 3.5": 11.7, "1 & UNDER 2.5": 4.41, "X & UNDER 2.5": 3.51, "2 & UNDER 2.5": 5.22, "1 & OVER 2.5": 3.96, "X & OVER 2.5": 13.5, "2 & OVER 2.5": 5.04, "1 & UNDER 1.5": 7.2, "X & UNDER 1.5": 8.46, "2 & UNDER 1.5": 8.28, "1 & OVER 1.5": 2.97, "X & OVER 1.5": 4.14, "2 & OVER 1.5": 3.78}}, {"3 Way & both teams to score": {"1 & yes": 4.86, "X & yes": 3.96, "2 & yes": 5.76, "1 & no": 3.51, "X & no": 8.1, "2 & no": 4.32}}, {"Highest scoring half": {"1st half": 3.02, "equal": 2.92, "2nd half": 1.89}}, {"Handicap": {"1 (0:3)": 21.6, "X (0:3)": 8.82, "2 (0:3)": 1.03, "1 (2:0)": 1.09, "X (2:0)": 6.48, "2 (2:0)": 14.4, "1 (0:2)": 10.8, "X (0:2)": 5.76, "2 (0:2)": 1.14, "1 (1:0)": 1.29, "X (1:0)": 3.96, "2 (1:0)": 5.76, "1 (0:1)": 4.32, "X (0:1)": 3.56, "2 (0:1)": 1.44}}, {"Double chance & both teams to score": {"1/X & yes": 2.19, "X/2 & yes": 2.34, "1/2 & yes": 2.61, "1/X & no": 2.43, "X/2 & no": 2.79, "1/2 & no": 1.94}}, {"Elche CF no bet": {"X": 1.69, "2": 1.58}}]}, {"title": "Espanyol Barcelona Vs Rayo Vallecano\n", "date": "19/08/22 21:00", "prediction": [{"3 Way": {"1": 2.12, "X": 3.06, "2": 3.15}}, {"Both teams to score": {"yes": 1.75, "no": 1.66}}, {"Double chance": {"1 or X": 1.29, "X or 2": 1.58, "1 or 2": 1.3}}, {"Over/Under": {"over 5.5": 17.1, "under 5.5": 1.02, "OVER 4.5": 8.28, "UNDER 4.5": 1.09, "OVER 3.5": 3.87, "UNDER 3.5": 1.2, "OVER 2.5": 2.06, "UNDER 2.5": 1.61, "OVER 1.5": 1.35, "UNDER 1.5": 2.74, "OVER 0.5": 1.09, "UNDER 0.5": 7.92}}, {"1st Half - 3 Way": {"1": 2.7, "X": 1.84, "2": 3.69}}, {"1st half - Over/Under": {"over 2.5": 7.38, "under 2.5": 1.07, "OVER 1.5": 2.92, "UNDER 1.5": 1.26, "OVER 0.5": 1.43, "UNDER 0.5": 2.29}}, {"Halftime/Fulltime": {"1/1": 3.24, "1/X": 13.5, "1/2": 40.5, "X/1": 4.68, "X/X": 4.05, "X/2": 6.48, "2/X": 14.4, "2/2": 5.04, "2/1": 31.5}}, {"Odd/even": {"odd": 1.79, "even": 1.67}}, {"1st Half - Both teams to score": {"yes": 4.5, "no": 1.15}}, {"3 Way & Over/Under": {"1 & under 4.5": 2.24, "X & under 4.5": 2.88, "2 & under 4.5": 3.24, "1 & over 4.5": 15.3, "X & over 4.5": 90.9, "2 & over 4.5": 25.2, "1 & UNDER 3.5": 2.61, "X & UNDER 3.5": 3.46, "2 & UNDER 3.5": 3.6, "1 & OVER 3.5": 7.74, "X & OVER 3.5": 14.4, "2 & OVER 3.5": 13.5, "1 & UNDER 2.5": 4.14, "X & UNDER 2.5": 3.46, "2 & UNDER 2.5": 5.76, "1 & OVER 2.5": 3.69, "X & OVER 2.5": 14.4, "2 & OVER 2.5": 5.76, "1 & UNDER 1.5": 6.84, "X & UNDER 1.5": 8.28, "2 & UNDER 1.5": 8.64, "1 & OVER 1.5": 2.74, "X & OVER 1.5": 4.23, "2 & OVER 1.5": 4.23}}, {"3 Way & both teams to score": {"1 & yes": 4.68, "X & yes": 4.05, "2 & yes": 6.48, "1 & no": 3.19, "X & no": 7.92, "2 & no": 4.68}}, {"Highest scoring half": {"1st half": 3.02, "equal": 2.92, "2nd half": 1.9}}, {"Handicap": {"1 (0:3)": 19.8, "X (0:3)": 8.46, "2 (0:3)": 1.03, "1 (2:0)": 1.07, "X (2:0)": 7.02, "2 (2:0)": 16.2, "1 (0:2)": 9.0, "X (0:2)": 5.4, "2 (0:2)": 1.17, "1 (1:0)": 1.24, "X (1:0)": 4.14, "2 (1:0)": 6.66, "1 (0:1)": 3.87, "X (0:1)": 3.42, "2 (0:1)": 1.52}}, {"Double chance & both teams to score": {"1/X & yes": 2.15, "X/2 & yes": 2.48, "1/2 & yes": 2.66, "1/X & no": 2.24, "X/2 & no": 2.92, "1/2 & no": 1.91}}, {"Espanyol Barcelona no bet": {"X": 1.61, "2": 1.66}}]}, {"title": "Girona FC Vs Getafe CF\n", "date": "22/08/22 23:00", "prediction": [{"3 Way": {"1": 2.66, "X": 2.7, "2": 2.66}}, {"Both teams to score": {"yes": 1.98, "no": 1.57}}, {"Double chance": {"1 or X": 1.38, "X or 2": 1.39, "1 or 2": 1.37}}, {"Over/Under": {"over 5.5": 22.5, "under 5.5": 1.01, "OVER 4.5": 11.7, "UNDER 4.5": 1.05, "OVER 3.5": 5.22, "UNDER 3.5": 1.17, "OVER 2.5": 2.56, "UNDER 2.5": 1.4, "OVER 1.5": 1.51, "UNDER 1.5": 2.24, "OVER 0.5": 1.14, "UNDER 0.5": 5.94}}, {"1st Half - 3 Way": {"1": 3.33, "X": 1.69, "2": 3.33}}, {"1st half - Over/Under": {"over 2.5": 9.0, "under 2.5": 1.04, "OVER 1.5": 3.51, "UNDER 1.5": 1.24, "OVER 0.5": 1.55, "UNDER 0.5": 2.01}}, {"Halftime/Fulltime": {"1/1": 4.23, "1/X": 14.4, "1/2": 40.5, "X/1": 5.4, "X/X": 3.42, "X/2": 5.4, "2/X": 14.4, "2/2": 4.32, "2/1": 40.5}}, {"Odd/even": {"odd": 1.83, "even": 1.65}}, {"1st Half - Both teams to score": {"yes": 5.4, "no": 1.11}}, {"3 Way & Over/Under": {"1 & under 4.5": 2.66, "X & under 4.5": 2.56, "2 & under 4.5": 2.66, "1 & over 4.5": 31.5, "X & over 4.5": 90.9, "2 & over 4.5": 31.5, "1 & UNDER 3.5": 2.92, "X & UNDER 3.5": 2.92, "2 & UNDER 3.5": 2.92, "1 & OVER 3.5": 14.4, "X & OVER 3.5": 18.0, "2 & OVER 3.5": 14.4, "1 & UNDER 2.5": 4.32, "X & UNDER 2.5": 2.92, "2 & UNDER 2.5": 4.32, "1 & OVER 2.5": 5.58, "X & OVER 2.5": 18.0, "2 & OVER 2.5": 5.58, "1 & UNDER 1.5": 6.48, "X & UNDER 1.5": 5.94, "2 & UNDER 1.5": 6.48, "1 & OVER 1.5": 3.87, "X & OVER 1.5": 4.23, "2 & OVER 1.5": 3.96}}, {"3 Way & both teams to score": {"1 & yes": 6.66, "X & yes": 4.14, "2 & yes": 6.84, "1 & no": 3.6, "X & no": 5.76, "2 & no": 3.6}}, {"Highest scoring half": {"1st half": 3.1, "equal": 2.66, "2nd half": 1.99}}, {"Handicap": {"1 (0:3)": 27.0, "X (0:3)": 9.0, "2 (0:3)": 1.01, "1 (2:0)": 1.09, "X (2:0)": 6.3, "2 (2:0)": 14.4, "1 (0:2)": 14.4, "X (0:2)": 6.3, "2 (0:2)": 1.09, "1 (1:0)": 1.33, "X (1:0)": 3.69, "2 (1:0)": 5.76, "1 (0:1)": 5.58, "X (0:1)": 3.6, "2 (0:1)": 1.33}}, {"Double chance & both teams to score": {"1/X & yes": 2.52, "X/2 & yes": 2.52, "1/2 & yes": 3.29, "1/X & no": 2.2, "X/2 & no": 2.21, "1/2 & no": 1.82}}]}, {"title": "RC Celta De Vigo Vs Real Madrid\n", "date": "20/08/22 23:00", "prediction": [{"3 Way": {"1": 3.96, "X": 3.69, "2": 1.67}}, {"Both teams to score": {"yes": 1.57, "no": 1.99}}, {"Double chance": {"1 or X": 1.82, "X or 2": 1.2, "1 or 2": 1.22}}, {"Over/Under": {"over 5.5": 9.0, "under 5.5": 1.07, "OVER 4.5": 4.5, "UNDER 4.5": 1.2, "OVER 3.5": 2.48, "UNDER 3.5": 1.43, "OVER 2.5": 1.53, "UNDER 2.5": 2.03, "OVER 1.5": 1.23, "UNDER 1.5": 4.23, "OVER 0.5": 1.04, "UNDER 0.5": 12.6}}, {"1st Half - 3 Way": {"1": 4.05, "X": 2.13, "2": 2.12}}, {"1st half - Over/Under": {"over 2.5": 5.04, "under 2.5": 1.13, "OVER 1.5": 2.22, "UNDER 1.5": 1.45, "OVER 0.5": 1.26, "UNDER 0.5": 2.92}}, {"Halftime/Fulltime": {"1/1": 6.12, "1/X": 14.4, "1/2": 22.5, "X/1": 8.64, "X/X": 5.4, "X/2": 4.32, "2/X": 13.5, "2/2": 2.38, "2/1": 40.5}}, {"Odd/even": {"odd": 1.76, "even": 1.69}}, {"1st Half - Both teams to score": {"yes": 3.56, "no": 1.22}}, {"3 Way & Over/Under": {"1 & under 4.5": 4.41, "X & under 4.5": 3.6, "2 & under 4.5": 2.03, "1 & over 4.5": 18.9, "X & over 4.5": 45.0, "2 & over 4.5": 6.48, "1 & UNDER 3.5": 5.22, "X & UNDER 3.5": 4.86, "2 & UNDER 3.5": 2.56, "1 & OVER 3.5": 11.7, "X & OVER 3.5": 10.8, "2 & OVER 3.5": 3.96, "1 & UNDER 2.5": 9.0, "X & UNDER 2.5": 4.86, "2 & UNDER 2.5": 4.68, "1 & OVER 2.5": 5.76, "X & OVER 2.5": 10.8, "2 & OVER 2.5": 2.34, "1 & UNDER 1.5": 14.4, "X & UNDER 1.5": 15.3, "2 & UNDER 1.5": 8.82, "1 & OVER 1.5": 4.68, "X & OVER 1.5": 4.32, "2 & OVER 1.5": 1.89}}, {"3 Way & both teams to score": {"1 & yes": 6.3, "X & yes": 4.23, "2 & yes": 2.97, "1 & no": 7.56, "X & no": 14.4, "2 & no": 3.02}}, {"Highest scoring half": {"1st half": 2.88, "equal": 3.38, "2nd half": 1.81}}, {"Handicap": {"1 (3:0)": 1.11, "X (3:0)": 6.84, "2 (3:0)": 10.8, "1 (2:0)": 1.27, "X (2:0)": 4.5, "2 (2:0)": 5.04, "1 (0:2)": 18.0, "X (0:2)": 7.92, "2 (0:2)": 1.05, "1 (1:0)": 1.75, "X (1:0)": 3.42, "2 (1:0)": 2.61, "1 (0:1)": 7.92, "X (0:1)": 5.04, "2 (0:1)": 1.21}}, {"Double chance & both teams to score": {"1/X & yes": 2.48, "X/2 & yes": 1.75, "1/2 & yes": 2.02, "1/X & no": 4.86, "X/2 & no": 2.43, "1/2 & no": 2.12}}, {"RC Celta De Vigo no bet": {"X": 2.48, "2": 1.29}}]}, {"title": "RCD Mallorca Vs Real Betis Seville\n", "date": "20/08/22 20:30", "prediction": [{"3 Way": {"1": 2.74, "X": 3.02, "2": 2.34}}, {"Both teams to score": {"yes": 1.67, "no": 1.72}}, {"Double chance": {"1 or X": 1.47, "X or 2": 1.36, "1 or 2": 1.31}}, {"Over/Under": {"over 5.5": 15.3, "under 5.5": 1.03, "OVER 4.5": 7.56, "UNDER 4.5": 1.1, "OVER 3.5": 3.6, "UNDER 3.5": 1.22, "OVER 2.5": 1.97, "UNDER 2.5": 1.57, "OVER 1.5": 1.32, "UNDER 1.5": 2.92, "OVER 0.5": 1.08, "UNDER 0.5": 8.28}}, {"1st Half - 3 Way": {"1": 3.29, "X": 1.86, "2": 2.88}}, {"1st half - Over/Under": {"over 2.5": 7.02, "under 2.5": 1.07, "OVER 1.5": 2.83, "UNDER 1.5": 1.28, "OVER 0.5": 1.41, "UNDER 0.5": 2.34}}, {"Halftime/Fulltime": {"1/1": 4.32, "1/X": 13.5, "1/2": 31.5, "X/1": 5.94, "X/X": 4.14, "X/2": 5.22, "2/X": 13.5, "2/2": 3.6, "2/1": 36.0}}, {"Odd/even": {"odd": 1.8, "even": 1.67}}, {"1st Half - Both teams to score": {"yes": 4.32, "no": 1.16}}, {"3 Way & Over/Under": {"1 & under 4.5": 2.92, "X & under 4.5": 2.88, "2 & under 4.5": 2.48, "1 & over 4.5": 18.9, "X & over 4.5": 81.0, "2 & over 4.5": 15.3, "1 & UNDER 3.5": 3.33, "X & UNDER 3.5": 3.51, "2 & UNDER 3.5": 2.88, "1 & OVER 3.5": 10.8, "X & OVER 3.5": 12.6, "2 & OVER 3.5": 8.46, "1 & UNDER 2.5": 5.4, "X & UNDER 2.5": 3.56, "2 & UNDER 2.5": 4.68, "1 & OVER 2.5": 4.86, "X & OVER 2.5": 12.6, "2 & OVER 2.5": 3.96, "1 & UNDER 1.5": 8.46, "X & UNDER 1.5": 8.82, "2 & UNDER 1.5": 7.56, "1 & OVER 1.5": 3.6, "X & OVER 1.5": 4.05, "2 & OVER 1.5": 3.02}}, {"3 Way & both teams to score": {"1 & yes": 5.58, "X & yes": 3.87, "2 & yes": 4.86, "1 & no": 4.32, "X & no": 8.46, "2 & no": 3.69}}, {"Highest scoring half": {"1st half": 3.02, "equal": 2.97, "2nd half": 1.89}}, {"Handicap": {"1 (3:0)": 1.03, "X (3:0)": 8.82, "2 (3:0)": 21.6, "1 (2:0)": 1.14, "X (2:0)": 5.76, "2 (2:0)": 10.8, "1 (0:2)": 13.5, "X (0:2)": 6.48, "2 (0:2)": 1.09, "1 (1:0)": 1.43, "X (1:0)": 3.6, "2 (1:0)": 4.41, "1 (0:1)": 5.58, "X (0:1)": 3.96, "2 (0:1)": 1.31}}, {"Double chance & both teams to score": {"1/X & yes": 2.29, "X/2 & yes": 2.14, "1/2 & yes": 2.56, "1/X & no": 2.79, "X/2 & no": 2.52, "1/2 & no": 1.98}}, {"RCD Mallorca no bet": {"X": 1.84, "2": 1.55}}]}, {"title": "Real Sociedad San Sebastian Vs FC Barcelona\n", "date": "21/08/22 23:00", "prediction": [{"3 Way": {"1": 3.15, "X": 3.38, "2": 1.97}}, {"Both teams to score": {"yes": 1.56, "no": 2.0}}, {"Double chance": {"1 or X": 1.57, "X or 2": 1.28, "1 or 2": 1.25}}, {"Over/Under": {"over 5.5": 9.9, "under 5.5": 1.06, "OVER 4.5": 5.04, "UNDER 4.5": 1.17, "OVER 3.5": 2.66, "UNDER 3.5": 1.38, "OVER 2.5": 1.61, "UNDER 2.5": 1.91, "OVER 1.5": 1.19, "UNDER 1.5": 3.87, "OVER 0.5": 1.05, "UNDER 0.5": 11.7}}, {"1st Half - 3 Way": {"1": 3.46, "X": 2.05, "2": 2.43}}, {"1st half - Over/Under": {"over 2.5": 5.4, "under 2.5": 1.12, "OVER 1.5": 2.34, "UNDER 1.5": 1.41, "OVER 0.5": 1.29, "UNDER 0.5": 2.79}}, {"Halftime/Fulltime": {"1/1": 4.86, "1/X": 13.5, "1/2": 24.3, "X/1": 7.02, "X/X": 5.04, "X/2": 4.86, "2/X": 12.6, "2/2": 2.88, "2/1": 31.5}}, {"Odd/even": {"odd": 1.78, "even": 1.68}}, {"1st Half - Both teams to score": {"yes": 3.6, "no": 1.22}}, {"3 Way & Over/Under": {"1 & under 4.5": 3.56, "X & under 4.5": 3.29, "2 & under 4.5": 2.29, "1 & over 4.5": 15.3, "X & over 4.5": 45.0, "2 & over 4.5": 8.46, "1 & UNDER 3.5": 4.14, "X & UNDER 3.5": 4.41, "2 & UNDER 3.5": 2.83, "1 & OVER 3.5": 9.0, "X & OVER 3.5": 9.9, "2 & OVER 3.5": 5.04, "1 & UNDER 2.5": 7.38, "X & UNDER 2.5": 4.41, "2 & UNDER 2.5": 5.04, "1 & OVER 2.5": 4.68, "X & OVER 2.5": 9.9, "2 & OVER 2.5": 2.83, "1 & UNDER 1.5": 11.7, "X & UNDER 1.5": 13.5, "2 & UNDER 1.5": 9.0, "1 & OVER 1.5": 3.78, "X & OVER 1.5": 3.96, "2 & OVER 1.5": 2.29}}, {"3 Way & both teams to score": {"1 & yes": 5.22, "X & yes": 3.87, "2 & yes": 3.51, "1 & no": 5.76, "X & no": 12.6, "2 & no": 3.51}}, {"Highest scoring half": {"1st half": 2.92, "equal": 3.24, "2nd half": 1.82}}, {"Handicap": {"1 (3:0)": 1.06, "X (3:0)": 7.92, "2 (3:0)": 14.4, "1 (2:0)": 1.23, "X (2:0)": 5.04, "2 (2:0)": 7.02, "1 (0:2)": 14.4, "X (0:2)": 7.02, "2 (0:2)": 1.08, "1 (1:0)": 1.6, "X (1:0)": 3.56, "2 (1:0)": 3.29, "1 (0:1)": 6.12, "X (0:1)": 4.41, "2 (0:1)": 1.24}}, {"Double chance & both teams to score": {"1/X & yes": 2.23, "X/2 & yes": 1.85, "1/2 & yes": 2.1, "1/X & no": 3.87, "X/2 & no": 2.7, "1/2 & no": 2.18}}]}, {"title": "Sevilla FC Vs Real Valladolid\n", "date": "19/08/22 23:00", "prediction": [{"3 Way": {"1": 1.55, "X": 3.87, "2": 5.58}}, {"Both teams to score": {"yes": 1.8, "no": 1.61}}, {"Double chance": {"1 or X": 1.16, "X or 2": 2.14, "1 or 2": 1.2}}, {"Over/Under": {"over 5.5": 12.6, "under 5.5": 1.04, "OVER 4.5": 6.3, "UNDER 4.5": 1.13, "OVER 3.5": 3.1, "UNDER 3.5": 1.28, "OVER 2.5": 1.77, "UNDER 2.5": 1.72, "OVER 1.5": 1.25, "UNDER 1.5": 3.29, "OVER 0.5": 1.06, "UNDER 0.5": 9.9}}, {"1st Half - 3 Way": {"1": 1.93, "X": 2.05, "2": 5.4}}, {"1st half - Over/Under": {"over 2.5": 6.12, "under 2.5": 1.09, "OVER 1.5": 2.56, "UNDER 1.5": 1.34, "OVER 0.5": 1.33, "UNDER 0.5": 2.61}}, {"Halftime/Fulltime": {"1/1": 2.07, "1/X": 16.2, "1/2": 63.0, "X/1": 3.78, "X/X": 5.04, "X/2": 10.8, "2/X": 17.1, "2/2": 9.0, "2/1": 24.3}}, {"Odd/even": {"odd": 1.76, "even": 1.7}}, {"1st Half - Both teams to score": {"yes": 4.41, "no": 1.15}}, {"3 Way & Over/Under": {"1 & under 4.5": 1.66, "X & under 4.5": 3.6, "2 & under 4.5": 5.76, "1 & over 4.5": 7.56, "X & over 4.5": 90.9, "2 & over 4.5": 45.0, "1 & UNDER 3.5": 2.02, "X & UNDER 3.5": 4.41, "2 & UNDER 3.5": 6.3, "1 & OVER 3.5": 4.14, "X & OVER 3.5": 16.2, "2 & OVER 3.5": 26.1, "1 & UNDER 2.5": 3.33, "X & UNDER 2.5": 4.41, "2 & UNDER 2.5": 9.9, "1 & OVER 2.5": 2.29, "X & OVER 2.5": 16.2, "2 & OVER 2.5": 9.9, "1 & UNDER 1.5": 6.3, "X & UNDER 1.5": 10.8, "2 & UNDER 1.5": 14.4, "1 & OVER 1.5": 1.75, "X & OVER 1.5": 5.04, "2 & OVER 1.5": 7.92}}, {"3 Way & both teams to score": {"1 & yes": 3.29, "X & yes": 4.86, "2 & yes": 10.8, "1 & no": 2.19, "X & no": 10.8, "2 & no": 8.82}}, {"Highest scoring half": {"1st half": 2.88, "equal": 3.15, "2nd half": 1.87}}, {"Handicap": {"1 (0:3)": 9.0, "X (0:3)": 6.12, "2 (0:3)": 1.14, "1 (2:0)": 1.02, "X (2:0)": 8.64, "2 (2:0)": 27.0, "1 (0:2)": 4.41, "X (0:2)": 3.96, "2 (0:2)": 1.38, "1 (1:0)": 1.12, "X (1:0)": 5.58, "2 (1:0)": 12.6, "1 (0:1)": 2.24, "X (0:1)": 3.15, "2 (0:1)": 2.08}}, {"Double chance & both teams to score": {"1/X & yes": 1.97, "X/2 & yes": 3.29, "1/2 & yes": 2.48, "1/X & no": 1.8, "X/2 & no": 4.68, "1/2 & no": 1.75}}]}]