[{"title": "Angers SCO Vs Stade Brest 29\n", "date": "21/08/22 16:00", "prediction": [{"3 Way": {"1": 2.16, "X": 3.19, "2": 2.92}}, {"Both teams to score": {"yes": 1.58, "no": 1.83}}, {"Double chance": {"1 or X": 1.33, "X or 2": 1.55, "1 or 2": 1.28}}, {"Over/Under": {"over 5.5": 13.5, "under 5.5": 1.04, "OVER 4.5": 6.48, "UNDER 4.5": 1.12, "OVER 3.5": 3.15, "UNDER 3.5": 1.27, "OVER 2.5": 1.81, "UNDER 2.5": 1.69, "OVER 1.5": 1.26, "UNDER 1.5": 3.24, "OVER 0.5": 1.07, "UNDER 0.5": 9.9}}, {"1st Half - 3 Way": {"1": 2.66, "X": 1.93, "2": 3.38}}, {"1st half - Over/Under": {"over 2.5": 6.3, "under 2.5": 1.09, "OVER 1.5": 2.61, "UNDER 1.5": 1.33, "OVER 0.5": 1.36, "UNDER 0.5": 2.52}}, {"Halftime/Fulltime": {"1/1": 3.29, "1/X": 13.5, "1/2": 31.5, "X/1": 5.04, "X/X": 4.5, "X/2": 6.3, "2/X": 13.5, "2/2": 4.5, "2/1": 27.0}}, {"Odd/even": {"odd": 1.79, "even": 1.67}}, {"1st Half - Both teams to score": {"yes": 4.05, "no": 1.18}}, {"3 Way & Over/Under": {"1 & under 4.5": 2.38, "X & under 4.5": 3.06, "2 & under 4.5": 3.15, "1 & over 4.5": 11.7, "X & over 4.5": 63.0, "2 & over 4.5": 17.1, "1 & UNDER 3.5": 2.83, "X & UNDER 3.5": 3.87, "2 & UNDER 3.5": 3.6, "1 & OVER 3.5": 6.66, "X & OVER 3.5": 11.7, "2 & OVER 3.5": 9.9, "1 & UNDER 2.5": 4.68, "X & UNDER 2.5": 3.87, "2 & UNDER 2.5": 6.12, "1 & OVER 2.5": 3.42, "X & OVER 2.5": 11.7, "2 & OVER 2.5": 4.68, "1 & UNDER 1.5": 8.1, "X & UNDER 1.5": 10.8, "2 & UNDER 1.5": 9.9, "1 & OVER 1.5": 2.66, "X & OVER 1.5": 4.05, "2 & OVER 1.5": 3.69}}, {"3 Way & both teams to score": {"1 & yes": 4.14, "X & yes": 3.87, "2 & yes": 5.4, "1 & no": 3.56, "X & no": 9.9, "2 & no": 4.86}}, {"Highest scoring half": {"1st half": 2.97, "equal": 3.1, "2nd half": 1.85}}, {"Handicap": {"1 (0:3)": 18.0, "X (0:3)": 8.46, "2 (0:3)": 1.04, "1 (2:0)": 1.09, "X (2:0)": 6.66, "2 (2:0)": 13.5, "1 (0:2)": 8.64, "X (0:2)": 5.4, "2 (0:2)": 1.17, "1 (1:0)": 1.27, "X (1:0)": 4.14, "2 (1:0)": 5.76, "1 (0:1)": 3.87, "X (0:1)": 3.56, "2 (0:1)": 1.49}}, {"Double chance & both teams to score": {"1/X & yes": 2.02, "X/2 & yes": 2.25, "1/2 & yes": 2.34, "1/X & no": 2.56, "X/2 & no": 3.19, "1/2 & no": 2.05}}, {"Angers SCO no bet": {"X": 1.7, "2": 1.57}}]}, {"title": "AS Monaco Vs RC Lens\n", "date": "20/08/22 18:00", "prediction": [{"3 Way": {"1": 1.62, "X": 3.78, "2": 4.23}}, {"Both teams to score": {"yes": 1.59, "no": 1.95}}, {"Double chance": {"1 or X": 1.24, "X or 2": 1.89, "1 or 2": 1.21}}, {"Over/Under": {"over 5.5": 9.0, "under 5.5": 1.08, "OVER 4.5": 4.5, "UNDER 4.5": 1.2, "OVER 3.5": 2.43, "UNDER 3.5": 1.43, "OVER 2.5": 1.53, "UNDER 2.5": 2.03, "OVER 1.5": 1.23, "UNDER 1.5": 4.23, "OVER 0.5": 1.04, "UNDER 0.5": 12.6}}, {"1st Half - 3 Way": {"1": 2.06, "X": 2.15, "2": 4.23}}, {"1st half - Over/Under": {"over 2.5": 5.04, "under 2.5": 1.13, "OVER 1.5": 2.22, "UNDER 1.5": 1.45, "OVER 0.5": 1.26, "UNDER 0.5": 2.92}}, {"Halftime/Fulltime": {"1/1": 2.29, "1/X": 14.4, "1/2": 40.5, "X/1": 4.23, "X/X": 5.58, "X/2": 9.0, "2/X": 14.4, "2/2": 6.48, "2/1": 21.6}}, {"Odd/even": {"odd": 1.76, "even": 1.7}}, {"1st Half - Both teams to score": {"yes": 3.6, "no": 1.22}}, {"3 Way & Over/Under": {"1 & under 4.5": 1.97, "X & under 4.5": 3.69, "2 & under 4.5": 4.68, "1 & over 4.5": 6.3, "X & over 4.5": 54.0, "2 & over 4.5": 20.7, "1 & UNDER 3.5": 2.48, "X & UNDER 3.5": 5.04, "2 & UNDER 3.5": 5.4, "1 & OVER 3.5": 3.78, "X & OVER 3.5": 10.8, "2 & OVER 3.5": 12.6, "1 & UNDER 2.5": 4.5, "X & UNDER 2.5": 5.04, "2 & UNDER 2.5": 9.9, "1 & OVER 2.5": 2.25, "X & OVER 2.5": 10.8, "2 & OVER 2.5": 6.3, "1 & UNDER 1.5": 8.64, "X & UNDER 1.5": 15.3, "2 & UNDER 1.5": 14.4, "1 & OVER 1.5": 1.83, "X & OVER 1.5": 4.41, "2 & OVER 1.5": 5.04}}, {"3 Way & both teams to score": {"1 & yes": 2.92, "X & yes": 4.32, "2 & yes": 6.84, "1 & no": 2.88, "X & no": 14.4, "2 & no": 7.92}}, {"Highest scoring half": {"1st half": 2.88, "equal": 3.38, "2nd half": 1.81}}, {"Handicap": {"1 (0:3)": 9.9, "X (0:3)": 6.66, "2 (0:3)": 1.12, "1 (2:0)": 1.04, "X (2:0)": 8.1, "2 (2:0)": 18.9, "1 (0:2)": 4.86, "X (0:2)": 4.41, "2 (0:2)": 1.3, "1 (1:0)": 1.19, "X (1:0)": 5.04, "2 (1:0)": 8.46, "1 (0:1)": 2.48, "X (0:1)": 3.42, "2 (0:1)": 1.83}}, {"Double chance & both teams to score": {"1/X & yes": 1.75, "X/2 & yes": 2.61, "1/2 & yes": 2.03, "1/X & no": 2.34, "X/2 & no": 5.04, "1/2 & no": 2.09}}, {"AS Monaco no bet": {"X": 1.57, "2": 1.72}}]}, {"title": "Clermont Foot 63 Vs OGC Nice\n", "date": "21/08/22 16:00", "prediction": [{"3 Way": {"1": 3.38, "X": 3.24, "2": 1.93}}, {"Both teams to score": {"yes": 1.65, "no": 1.75}}, {"Double chance": {"1 or X": 1.59, "X or 2": 1.25, "1 or 2": 1.27}}, {"Over/Under": {"over 5.5": 13.5, "under 5.5": 1.04, "OVER 4.5": 6.66, "UNDER 4.5": 1.12, "OVER 3.5": 3.29, "UNDER 3.5": 1.25, "OVER 2.5": 1.84, "UNDER 2.5": 1.66, "OVER 1.5": 1.27, "UNDER 1.5": 3.15, "OVER 0.5": 1.07, "UNDER 0.5": 9.0}}, {"1st Half - 3 Way": {"1": 3.78, "X": 1.93, "2": 2.48}}, {"1st half - Over/Under": {"over 2.5": 6.48, "under 2.5": 1.08, "OVER 1.5": 2.66, "UNDER 1.5": 1.31, "OVER 0.5": 1.37, "UNDER 0.5": 2.48}}, {"Halftime/Fulltime": {"1/1": 5.4, "1/X": 14.4, "1/2": 26.1, "X/1": 7.02, "X/X": 4.5, "X/2": 4.5, "2/X": 13.5, "2/2": 2.88, "2/1": 40.5}}, {"Odd/even": {"odd": 1.77, "even": 1.68}}, {"1st Half - Both teams to score": {"yes": 4.14, "no": 1.17}}, {"3 Way & Over/Under": {"1 & under 4.5": 3.56, "X & under 4.5": 3.1, "2 & under 4.5": 2.12, "1 & over 4.5": 22.5, "X & over 4.5": 72.0, "2 & over 4.5": 10.8, "1 & UNDER 3.5": 4.05, "X & UNDER 3.5": 3.87, "2 & UNDER 3.5": 2.52, "1 & OVER 3.5": 12.6, "X & OVER 3.5": 12.6, "2 & OVER 3.5": 5.94, "1 & UNDER 2.5": 6.66, "X & UNDER 2.5": 3.87, "2 & UNDER 2.5": 4.14, "1 & OVER 2.5": 5.76, "X & OVER 2.5": 12.6, "2 & OVER 2.5": 3.1, "1 & UNDER 1.5": 9.9, "X & UNDER 1.5": 9.9, "2 & UNDER 1.5": 7.2, "1 & OVER 1.5": 4.41, "X & OVER 1.5": 4.23, "2 & OVER 1.5": 2.34}}, {"3 Way & both teams to score": {"1 & yes": 6.48, "X & yes": 4.05, "2 & yes": 3.87, "1 & no": 5.58, "X & no": 9.9, "2 & no": 3.06}}, {"Highest scoring half": {"1st half": 2.97, "equal": 3.06, "2nd half": 1.86}}, {"Handicap": {"1 (3:0)": 1.05, "X (3:0)": 7.92, "2 (3:0)": 16.2, "1 (2:0)": 1.23, "X (2:0)": 5.04, "2 (2:0)": 7.38, "1 (0:2)": 17.1, "X (0:2)": 7.2, "2 (0:2)": 1.06, "1 (1:0)": 1.54, "X (1:0)": 3.38, "2 (1:0)": 3.33, "1 (0:1)": 7.02, "X (0:1)": 4.41, "2 (0:1)": 1.21}}, {"Double chance & both teams to score": {"1/X & yes": 2.48, "X/2 & yes": 2.0, "1/2 & yes": 2.38, "1/X & no": 3.42, "X/2 & no": 2.29, "1/2 & no": 1.97}}, {"Clermont Foot 63 no bet": {"X": 2.13, "2": 1.4}}]}, {"title": "Lille Osc Vs Paris Saint-Germain\n", "date": "21/08/22 21:45", "prediction": [{"3 Way": {"1": 6.3, "X": 4.86, "2": 1.4}}, {"Both teams to score": {"yes": 1.61, "no": 1.92}}, {"Double chance": {"1 or X": 2.52, "X or 2": 1.14, "1 or 2": 1.19}}, {"Over/Under": {"over 5.5": 6.66, "under 5.5": 1.12, "OVER 4.5": 3.56, "UNDER 4.5": 1.23, "OVER 3.5": 2.07, "UNDER 3.5": 1.6, "OVER 2.5": 1.45, "UNDER 2.5": 2.38, "OVER 1.5": 1.17, "UNDER 1.5": 5.22, "OVER 0.5": 1.03, "UNDER 0.5": 16.2}}, {"1st Half - 3 Way": {"1": 5.4, "X": 2.38, "2": 1.71}}, {"1st half - Over/Under": {"over 2.5": 4.32, "under 2.5": 1.17, "OVER 1.5": 1.99, "UNDER 1.5": 1.57, "OVER 0.5": 1.2, "UNDER 0.5": 3.38}}, {"Halftime/Fulltime": {"1/1": 9.9, "1/X": 18.0, "1/2": 19.8, "X/1": 13.5, "X/X": 7.2, "X/2": 3.78, "2/X": 17.1, "2/2": 1.78, "2/1": 63.0}}, {"Odd/even": {"odd": 1.74, "even": 1.73}}, {"1st Half - Both teams to score": {"yes": 3.51, "no": 1.23}}, {"3 Way & Over/Under": {"1 & under 4.5": 7.02, "X & under 4.5": 4.68, "2 & under 4.5": 1.75, "1 & over 4.5": 27.0, "X & over 4.5": 54.0, "2 & over 4.5": 4.14, "1 & UNDER 3.5": 8.1, "X & UNDER 3.5": 6.66, "2 & UNDER 3.5": 2.29, "1 & OVER 3.5": 18.9, "X & OVER 3.5": 12.6, "2 & OVER 3.5": 2.61, "1 & UNDER 2.5": 15.3, "X & UNDER 2.5": 6.66, "2 & UNDER 2.5": 4.32, "1 & OVER 2.5": 9.0, "X & OVER 2.5": 12.6, "2 & OVER 2.5": 1.71, "1 & UNDER 1.5": 21.6, "X & UNDER 1.5": 20.7, "2 & UNDER 1.5": 9.0, "1 & OVER 1.5": 7.38, "X & OVER 1.5": 5.4, "2 & OVER 1.5": 1.51}}, {"3 Way & both teams to score": {"1 & yes": 9.9, "X & yes": 5.4, "2 & yes": 2.38, "1 & no": 12.6, "X & no": 20.7, "2 & no": 2.34}}, {"Highest scoring half": {"1st half": 2.83, "equal": 3.6, "2nd half": 1.76}}, {"Handicap": {"1 (3:0)": 1.19, "X (3:0)": 5.22, "2 (3:0)": 5.94, "1 (2:0)": 1.59, "X (2:0)": 3.87, "2 (2:0)": 3.1, "1 (0:2)": 25.2, "X (0:2)": 9.0, "2 (0:2)": 1.02, "1 (1:0)": 2.48, "X (1:0)": 3.46, "2 (1:0)": 1.82, "1 (0:1)": 12.6, "X (0:1)": 6.3, "2 (0:1)": 1.1}}, {"Double chance & both teams to score": {"1/X & yes": 3.33, "X/2 & yes": 1.67, "1/2 & yes": 1.9, "1/X & no": 7.56, "X/2 & no": 2.06, "1/2 & no": 1.95}}, {"Lille Osc no bet": {"X": 3.38, "2": 1.2}}]}, {"title": "Montpellier Hsc Vs AJ Auxerre\n", "date": "21/08/22 16:00", "prediction": [{"3 Way": {"1": 2.02, "X": 3.19, "2": 3.19}}, {"Both teams to score": {"yes": 1.62, "no": 1.78}}, {"Double chance": {"1 or X": 1.28, "X or 2": 1.54, "1 or 2": 1.27}}, {"Over/Under": {"over 5.5": 13.5, "under 5.5": 1.04, "OVER 4.5": 6.66, "UNDER 4.5": 1.12, "OVER 3.5": 3.24, "UNDER 3.5": 1.26, "OVER 2.5": 1.83, "UNDER 2.5": 1.67, "OVER 1.5": 1.27, "UNDER 1.5": 3.19, "OVER 0.5": 1.07, "UNDER 0.5": 9.0}}, {"1st Half - 3 Way": {"1": 2.52, "X": 1.93, "2": 3.6}}, {"1st half - Over/Under": {"over 2.5": 6.48, "under 2.5": 1.09, "OVER 1.5": 2.66, "UNDER 1.5": 1.32, "OVER 0.5": 1.36, "UNDER 0.5": 2.48}}, {"Halftime/Fulltime": {"1/1": 3.02, "1/X": 13.5, "1/2": 36.0, "X/1": 4.68, "X/X": 4.5, "X/2": 6.84, "2/X": 13.5, "2/2": 5.04, "2/1": 27.0}}, {"Odd/even": {"odd": 1.78, "even": 1.68}}, {"1st Half - Both teams to score": {"yes": 4.14, "no": 1.18}}, {"3 Way & Over/Under": {"1 & under 4.5": 2.22, "X & under 4.5": 3.06, "2 & under 4.5": 3.38, "1 & over 4.5": 11.7, "X & over 4.5": 72.0, "2 & over 4.5": 19.8, "1 & UNDER 3.5": 2.66, "X & UNDER 3.5": 3.87, "2 & UNDER 3.5": 3.87, "1 & OVER 3.5": 6.3, "X & OVER 3.5": 12.6, "2 & OVER 3.5": 11.7, "1 & UNDER 2.5": 4.41, "X & UNDER 2.5": 3.87, "2 & UNDER 2.5": 6.48, "1 & OVER 2.5": 3.19, "X & OVER 2.5": 12.6, "2 & OVER 2.5": 5.4, "1 & UNDER 1.5": 7.56, "X & UNDER 1.5": 9.9, "2 & UNDER 1.5": 9.9, "1 & OVER 1.5": 2.48, "X & OVER 1.5": 4.14, "2 & OVER 1.5": 4.14}}, {"3 Way & both teams to score": {"1 & yes": 3.96, "X & yes": 4.05, "2 & yes": 5.94, "1 & no": 3.24, "X & no": 9.9, "2 & no": 5.22}}, {"Highest scoring half": {"1st half": 2.97, "equal": 3.1, "2nd half": 1.86}}, {"Handicap": {"1 (0:3)": 17.1, "X (0:3)": 8.1, "2 (0:3)": 1.05, "1 (2:0)": 1.07, "X (2:0)": 7.02, "2 (2:0)": 15.3, "1 (0:2)": 7.92, "X (0:2)": 5.22, "2 (0:2)": 1.2, "1 (1:0)": 1.24, "X (1:0)": 4.23, "2 (1:0)": 6.48, "1 (0:1)": 3.51, "X (0:1)": 3.46, "2 (0:1)": 1.57}}, {"Double chance & both teams to score": {"1/X & yes": 2.01, "X/2 & yes": 2.38, "1/2 & yes": 2.38, "1/X & no": 2.38, "X/2 & no": 3.33, "1/2 & no": 2.01}}]}, {"title": "Olympique Lyon Vs ESTAC Troyes\n", "date": "19/08/22 22:00", "prediction": [{"3 Way": {"1": 1.3, "X": 5.4, "2": 7.92}}, {"Both teams to score": {"yes": 1.62, "no": 1.78}}, {"Double chance": {"1 or X": 1.11, "X or 2": 2.92, "1 or 2": 1.17}}, {"Over/Under": {"over 5.5": 6.84, "under 5.5": 1.11, "OVER 4.5": 3.56, "UNDER 4.5": 1.23, "OVER 3.5": 2.07, "UNDER 3.5": 1.6, "OVER 2.5": 1.45, "UNDER 2.5": 2.38, "OVER 1.5": 1.17, "UNDER 1.5": 5.22, "OVER 0.5": 1.03, "UNDER 0.5": 16.2}}, {"1st Half - 3 Way": {"1": 1.6, "X": 2.48, "2": 6.3}}, {"1st half - Over/Under": {"over 2.5": 4.32, "under 2.5": 1.17, "OVER 1.5": 1.99, "UNDER 1.5": 1.57, "OVER 0.5": 1.2, "UNDER 0.5": 3.38}}, {"Halftime/Fulltime": {"1/1": 1.64, "1/X": 19.8, "1/2": 81.0, "X/1": 3.69, "X/X": 7.74, "X/2": 16.2, "2/X": 19.8, "2/2": 11.7, "2/1": 20.7}}, {"Odd/even": {"odd": 1.74, "even": 1.73}}, {"1st Half - Both teams to score": {"yes": 3.69, "no": 1.21}}, {"3 Way & Over/Under": {"1 & under 4.5": 1.63, "X & under 4.5": 5.22, "2 & under 4.5": 8.64, "1 & over 4.5": 3.87, "X & over 4.5": 72.0, "2 & over 4.5": 40.5, "1 & UNDER 3.5": 2.16, "X & UNDER 3.5": 7.02, "2 & UNDER 3.5": 9.9, "1 & OVER 3.5": 2.43, "X & OVER 3.5": 15.3, "2 & OVER 3.5": 26.1, "1 & UNDER 2.5": 3.96, "X & UNDER 2.5": 7.02, "2 & UNDER 2.5": 17.1, "1 & OVER 2.5": 1.61, "X & OVER 2.5": 15.3, "2 & OVER 2.5": 11.7, "1 & UNDER 1.5": 8.46, "X & UNDER 1.5": 20.7, "2 & UNDER 1.5": 24.3, "1 & OVER 1.5": 1.42, "X & OVER 1.5": 6.12, "2 & OVER 1.5": 9.9}}, {"3 Way & both teams to score": {"1 & yes": 2.38, "X & yes": 5.94, "2 & yes": 12.6, "1 & no": 2.07, "X & no": 20.7, "2 & no": 15.3}}, {"Highest scoring half": {"1st half": 2.79, "equal": 3.6, "2nd half": 1.77}}, {"Handicap": {"1 (0:4)": 9.9, "X (0:4)": 7.2, "2 (0:4)": 1.11, "1 (0:3)": 5.04, "X (0:3)": 4.86, "2 (0:3)": 1.25, "1 (0:2)": 2.74, "X (0:2)": 3.69, "2 (0:2)": 1.65, "1 (1:0)": 1.07, "X (1:0)": 7.02, "2 (1:0)": 15.3, "1 (0:1)": 1.65, "X (0:1)": 3.51, "2 (0:1)": 2.88}}, {"Double chance & both teams to score": {"1/X & yes": 1.72, "X/2 & yes": 3.96, "1/2 & yes": 1.97, "1/X & no": 1.85, "X/2 & no": 8.28, "1/2 & no": 1.8}}, {"Olympique Lyon no bet": {"X": 1.47, "2": 1.98}}]}, {"title": "Olympique Marseille Vs FC Nantes\n", "date": "20/08/22 22:00", "prediction": [{"3 Way": {"1": 1.55, "X": 3.96, "2": 5.4}}, {"Both teams to score": {"yes": 1.69, "no": 1.7}}, {"Double chance": {"1 or X": 1.17, "X or 2": 2.13, "1 or 2": 1.2}}, {"Over/Under": {"over 5.5": 10.8, "under 5.5": 1.05, "OVER 4.5": 5.4, "UNDER 4.5": 1.16, "OVER 3.5": 2.79, "UNDER 3.5": 1.34, "OVER 2.5": 1.67, "UNDER 2.5": 1.84, "OVER 1.5": 1.22, "UNDER 1.5": 3.6, "OVER 0.5": 1.05, "UNDER 0.5": 10.8}}, {"1st Half - 3 Way": {"1": 1.93, "X": 2.11, "2": 5.22}}, {"1st half - Over/Under": {"over 2.5": 5.76, "under 2.5": 1.11, "OVER 1.5": 2.43, "UNDER 1.5": 1.39, "OVER 0.5": 1.3, "UNDER 0.5": 2.74}}, {"Halftime/Fulltime": {"1/1": 2.06, "1/X": 16.2, "1/2": 54.0, "X/1": 3.87, "X/X": 5.4, "X/2": 10.8, "2/X": 17.1, "2/2": 8.64, "2/1": 23.4}}, {"Odd/even": {"odd": 1.75, "even": 1.7}}, {"1st Half - Both teams to score": {"yes": 4.14, "no": 1.17}}, {"3 Way & Over/Under": {"1 & under 4.5": 1.71, "X & under 4.5": 3.69, "2 & under 4.5": 5.58, "1 & over 4.5": 6.66, "X & over 4.5": 81.0, "2 & over 4.5": 36.0, "1 & UNDER 3.5": 2.12, "X & UNDER 3.5": 4.68, "2 & UNDER 3.5": 6.3, "1 & OVER 3.5": 3.78, "X & OVER 3.5": 14.4, "2 & OVER 3.5": 21.6, "1 & UNDER 2.5": 3.6, "X & UNDER 2.5": 4.68, "2 & UNDER 2.5": 10.8, "1 & OVER 2.5": 2.18, "X & OVER 2.5": 14.4, "2 & OVER 2.5": 9.0, "1 & UNDER 1.5": 6.84, "X & UNDER 1.5": 12.6, "2 & UNDER 1.5": 14.4, "1 & OVER 1.5": 1.7, "X & OVER 1.5": 5.04, "2 & OVER 1.5": 7.2}}, {"3 Way & both teams to score": {"1 & yes": 3.06, "X & yes": 4.86, "2 & yes": 9.9, "1 & no": 2.29, "X & no": 11.7, "2 & no": 9.0}}, {"Highest scoring half": {"1st half": 2.88, "equal": 3.24, "2nd half": 1.84}}, {"Handicap": {"1 (0:3)": 9.0, "X (0:3)": 6.12, "2 (0:3)": 1.15, "1 (2:0)": 1.02, "X (2:0)": 8.64, "2 (2:0)": 25.2, "1 (0:2)": 4.23, "X (0:2)": 4.05, "2 (0:2)": 1.39, "1 (1:0)": 1.13, "X (1:0)": 5.58, "2 (1:0)": 11.7, "1 (0:1)": 2.21, "X (0:1)": 3.24, "2 (0:1)": 2.07}}, {"Double chance & both teams to score": {"1/X & yes": 1.88, "X/2 & yes": 3.15, "1/2 & yes": 2.29, "1/X & no": 1.91, "X/2 & no": 5.04, "1/2 & no": 1.83}}, {"Olympique Marseille no bet": {"X": 1.51, "2": 1.91}}]}, {"title": "Stade Rennes Vs AC Ajaccio\n", "date": "21/08/22 18:05", "prediction": [{"3 Way": {"1": 1.39, "X": 4.41, "2": 7.2}}, {"Both teams to score": {"yes": 1.93, "no": 1.61}}, {"Double chance": {"1 or X": 1.12, "X or 2": 2.52, "1 or 2": 1.22}}, {"Over/Under": {"over 5.5": 11.7, "under 5.5": 1.05, "OVER 4.5": 5.76, "UNDER 4.5": 1.14, "OVER 3.5": 2.97, "UNDER 3.5": 1.31, "OVER 2.5": 1.72, "UNDER 2.5": 1.77, "OVER 1.5": 1.24, "UNDER 1.5": 3.42, "OVER 0.5": 1.06, "UNDER 0.5": 10.8}}, {"1st Half - 3 Way": {"1": 1.77, "X": 2.13, "2": 6.48}}, {"1st half - Over/Under": {"over 2.5": 5.94, "under 2.5": 1.1, "OVER 1.5": 2.48, "UNDER 1.5": 1.36, "OVER 0.5": 1.31, "UNDER 0.5": 2.66}}, {"Halftime/Fulltime": {"1/1": 1.82, "1/X": 18.9, "1/2": 81.0, "X/1": 3.46, "X/X": 5.76, "X/2": 13.5, "2/X": 19.8, "2/2": 11.7, "2/1": 24.3}}, {"Odd/even": {"odd": 1.74, "even": 1.72}}, {"1st Half - Both teams to score": {"yes": 4.68, "no": 1.14}}, {"3 Way & Over/Under": {"1 & under 4.5": 1.6, "X & under 4.5": 4.05, "2 & under 4.5": 7.2, "1 & over 4.5": 6.48, "X & over 4.5": 90.9, "2 & over 4.5": 63.0, "1 & UNDER 3.5": 1.85, "X & UNDER 3.5": 5.04, "2 & UNDER 3.5": 7.92, "1 & OVER 3.5": 3.56, "X & OVER 3.5": 19.8, "2 & OVER 3.5": 36.0, "1 & UNDER 2.5": 3.06, "X & UNDER 2.5": 5.04, "2 & UNDER 2.5": 12.6, "1 & OVER 2.5": 2.02, "X & OVER 2.5": 20.7, "2 & OVER 2.5": 13.5, "1 & UNDER 1.5": 5.94, "X & UNDER 1.5": 11.7, "2 & UNDER 1.5": 16.2, "1 & OVER 1.5": 1.55, "X & OVER 1.5": 5.94, "2 & OVER 1.5": 10.8}}, {"3 Way & both teams to score": {"1 & yes": 3.15, "X & yes": 5.76, "2 & yes": 14.4, "1 & no": 1.91, "X & no": 11.7, "2 & no": 10.8}}, {"Highest scoring half": {"1st half": 2.88, "equal": 3.19, "2nd half": 1.85}}, {"Handicap": {"1 (0:3)": 7.38, "X (0:3)": 5.4, "2 (0:3)": 1.2, "1 (2:0)": 1.01, "X (2:0)": 8.82, "2 (2:0)": 31.5, "1 (0:2)": 3.56, "X (0:2)": 3.69, "2 (0:2)": 1.53, "1 (1:0)": 1.08, "X (1:0)": 6.3, "2 (1:0)": 17.1, "1 (0:1)": 1.92, "X (0:1)": 3.1, "2 (0:1)": 2.48}}, {"Double chance & both teams to score": {"1/X & yes": 2.03, "X/2 & yes": 3.96, "1/2 & yes": 2.52, "1/X & no": 1.63, "X/2 & no": 5.4, "1/2 & no": 1.62}}]}, {"title": "Strasbourg Alsace Vs Stade Reims\n", "date": "21/08/22 14:00", "prediction": [{"3 Way": {"1": 1.6, "X": 3.46, "2": 4.68}}, {"Both teams to score": {"yes": 1.85, "no": 1.57}}, {"Double chance": {"1 or X": 1.2, "X or 2": 1.9, "1 or 2": 1.24}}, {"Over/Under": {"over 5.5": 16.2, "under 5.5": 1.03, "OVER 4.5": 7.74, "UNDER 4.5": 1.1, "OVER 3.5": 3.6, "UNDER 3.5": 1.22, "OVER 2.5": 1.97, "UNDER 2.5": 1.57, "OVER 1.5": 1.32, "UNDER 1.5": 2.88, "OVER 0.5": 1.08, "UNDER 0.5": 8.64}}, {"1st Half - 3 Way": {"1": 2.14, "X": 1.93, "2": 4.86}}, {"1st half - Over/Under": {"over 2.5": 7.02, "under 2.5": 1.07, "OVER 1.5": 2.83, "UNDER 1.5": 1.28, "OVER 0.5": 1.4, "UNDER 0.5": 2.38}}, {"Halftime/Fulltime": {"1/1": 2.34, "1/X": 15.3, "1/2": 54.0, "X/1": 3.87, "X/X": 4.5, "X/2": 9.0, "2/X": 16.2, "2/2": 7.74, "2/1": 27.0}}, {"Odd/even": {"odd": 1.76, "even": 1.7}}, {"1st Half - Both teams to score": {"yes": 4.68, "no": 1.14}}, {"3 Way & Over/Under": {"1 & under 4.5": 1.75, "X & under 4.5": 3.24, "2 & under 4.5": 4.68, "1 & over 4.5": 9.9, "X & over 4.5": 90.9, "2 & over 4.5": 45.0, "1 & UNDER 3.5": 2.06, "X & UNDER 3.5": 3.87, "2 & UNDER 3.5": 5.22, "1 & OVER 3.5": 5.22, "X & OVER 3.5": 17.1, "2 & OVER 3.5": 24.3, "1 & UNDER 2.5": 3.29, "X & UNDER 2.5": 3.87, "2 & UNDER 2.5": 8.1, "1 & OVER 2.5": 2.7, "X & OVER 2.5": 17.1, "2 & OVER 2.5": 9.0, "1 & UNDER 1.5": 5.76, "X & UNDER 1.5": 9.0, "2 & UNDER 1.5": 11.7, "1 & OVER 1.5": 2.0, "X & OVER 1.5": 4.86, "2 & OVER 1.5": 6.84}}, {"3 Way & both teams to score": {"1 & yes": 3.78, "X & yes": 4.68, "2 & yes": 9.9, "1 & no": 2.34, "X & no": 8.64, "2 & no": 7.02}}, {"Highest scoring half": {"1st half": 2.92, "equal": 3.02, "2nd half": 1.9}}, {"Handicap": {"1 (0:3)": 12.6, "X (0:3)": 6.84, "2 (0:3)": 1.09, "1 (2:0)": 1.02, "X (2:0)": 8.28, "2 (2:0)": 26.1, "1 (0:2)": 5.58, "X (0:2)": 4.23, "2 (0:2)": 1.27, "1 (1:0)": 1.16, "X (1:0)": 5.04, "2 (1:0)": 10.8, "1 (0:1)": 2.66, "X (0:1)": 3.1, "2 (0:1)": 1.84}}, {"Double chance & both teams to score": {"1/X & yes": 2.09, "X/2 & yes": 3.1, "1/2 & yes": 2.66, "1/X & no": 1.83, "X/2 & no": 3.78, "1/2 & no": 1.75}}, {"Strasbourg Alsace no bet": {"X": 1.51, "2": 1.9}}]}, {"title": "Toulouse FC Vs FC Lorient\n", "date": "21/08/22 16:00", "prediction": [{"3 Way": {"1": 1.84, "X": 3.29, "2": 3.69}}, {"Both teams to score": {"yes": 1.71, "no": 1.68}}, {"Double chance": {"1 or X": 1.22, "X or 2": 1.67, "1 or 2": 1.26}}, {"Over/Under": {"over 5.5": 15.3, "under 5.5": 1.03, "OVER 4.5": 7.2, "UNDER 4.5": 1.11, "OVER 3.5": 3.46, "UNDER 3.5": 1.24, "OVER 2.5": 1.92, "UNDER 2.5": 1.6, "OVER 1.5": 1.3, "UNDER 1.5": 3.02, "OVER 0.5": 1.08, "UNDER 0.5": 8.82}}, {"1st Half - 3 Way": {"1": 2.38, "X": 1.91, "2": 4.05}}, {"1st half - Over/Under": {"over 2.5": 6.84, "under 2.5": 1.08, "OVER 1.5": 2.74, "UNDER 1.5": 1.29, "OVER 0.5": 1.39, "UNDER 0.5": 2.43}}, {"Halftime/Fulltime": {"1/1": 2.74, "1/X": 14.4, "1/2": 45.0, "X/1": 4.32, "X/X": 4.41, "X/2": 7.56, "2/X": 14.4, "2/2": 5.94, "2/1": 27.0}}, {"Odd/even": {"odd": 1.77, "even": 1.69}}, {"1st Half - Both teams to score": {"yes": 4.41, "no": 1.16}}, {"3 Way & Over/Under": {"1 & under 4.5": 2.01, "X & under 4.5": 3.1, "2 & under 4.5": 3.78, "1 & over 4.5": 10.8, "X & over 4.5": 90.0, "2 & over 4.5": 27.0, "1 & UNDER 3.5": 2.38, "X & UNDER 3.5": 3.78, "2 & UNDER 3.5": 4.32, "1 & OVER 3.5": 5.94, "X & OVER 3.5": 13.5, "2 & OVER 3.5": 15.3, "1 & UNDER 2.5": 3.87, "X & UNDER 2.5": 3.78, "2 & UNDER 2.5": 6.84, "1 & OVER 2.5": 3.02, "X & OVER 2.5": 14.4, "2 & OVER 2.5": 6.48, "1 & UNDER 1.5": 6.66, "X & UNDER 1.5": 9.0, "2 & UNDER 1.5": 9.9, "1 & OVER 1.5": 2.29, "X & OVER 1.5": 4.32, "2 & OVER 1.5": 5.04}}, {"3 Way & both teams to score": {"1 & yes": 3.96, "X & yes": 4.23, "2 & yes": 7.2, "1 & no": 2.83, "X & no": 9.0, "2 & no": 5.76}}, {"Highest scoring half": {"1st half": 2.97, "equal": 3.02, "2nd half": 1.87}}, {"Handicap": {"1 (0:3)": 15.3, "X (0:3)": 7.74, "2 (0:3)": 1.06, "1 (2:0)": 1.05, "X (2:0)": 7.56, "2 (2:0)": 19.8, "1 (0:2)": 7.02, "X (0:2)": 4.86, "2 (0:2)": 1.19, "1 (1:0)": 1.24, "X (1:0)": 4.5, "2 (1:0)": 7.92, "1 (0:1)": 3.15, "X (0:1)": 3.29, "2 (0:1)": 1.61}}, {"Double chance & both teams to score": {"1/X & yes": 2.03, "X/2 & yes": 2.66, "1/2 & yes": 2.52, "1/X & no": 2.12, "X/2 & no": 3.46, "1/2 & no": 1.9}}]}]