[{"title": "AFC Bournemouth Vs Arsenal FC\n", "date": "20/08/22 19:30", "prediction": [{"3 Way": {"1": 7.02, "X": 4.5, "2": 1.4}}, {"Both teams to score": {"yes": 1.8, "no": 1.61}}, {"Double chance": {"1 or X": 2.52, "X or 2": 1.13, "1 or 2": 1.21}}, {"Over/Under": {"over 5.5": 10.8, "under 5.5": 1.06, "OVER 4.5": 5.04, "UNDER 4.5": 1.17, "OVER 3.5": 2.7, "UNDER 3.5": 1.37, "OVER 2.5": 1.61, "UNDER 2.5": 1.91, "OVER 1.5": 1.2, "UNDER 1.5": 3.78, "OVER 0.5": 1.05, "UNDER 0.5": 11.7}}, {"1st Half - 3 Way": {"1": 6.12, "X": 2.2, "2": 1.75}}, {"1st half - Over/Under": {"over 2.5": 5.58, "under 2.5": 1.12, "OVER 1.5": 2.34, "UNDER 1.5": 1.41, "OVER 0.5": 1.28, "UNDER 0.5": 2.83}}, {"Halftime/Fulltime": {"1/1": 10.8, "1/X": 18.9, "1/2": 23.4, "X/1": 13.5, "X/X": 6.12, "X/2": 3.56, "2/X": 18.9, "2/2": 1.81, "2/1": 72.0}}, {"Odd/even": {"odd": 1.74, "even": 1.72}}, {"1st Half - Both teams to score": {"yes": 4.32, "no": 1.16}}, {"3 Way & Over/Under": {"1 & under 4.5": 7.02, "X & under 4.5": 4.23, "2 & under 4.5": 1.56, "1 & over 4.5": 54.0, "X & over 4.5": 90.9, "2 & over 4.5": 5.76, "1 & UNDER 3.5": 7.92, "X & UNDER 3.5": 5.4, "2 & UNDER 3.5": 1.95, "1 & OVER 3.5": 31.5, "X & OVER 3.5": 18.0, "2 & OVER 3.5": 3.24, "1 & UNDER 2.5": 12.6, "X & UNDER 2.5": 5.4, "2 & UNDER 2.5": 3.33, "1 & OVER 2.5": 11.7, "X & OVER 2.5": 18.0, "2 & OVER 2.5": 1.93, "1 & UNDER 1.5": 18.0, "X & UNDER 1.5": 13.5, "2 & UNDER 1.5": 6.66, "1 & OVER 1.5": 9.9, "X & OVER 1.5": 5.76, "2 & OVER 1.5": 1.6}}, {"3 Way & both teams to score": {"1 & yes": 12.6, "X & yes": 5.58, "2 & yes": 2.88, "1 & no": 11.7, "X & no": 13.5, "2 & no": 2.01}}, {"Highest scoring half": {"1st half": 2.83, "equal": 3.29, "2nd half": 1.84}}, {"Handicap": {"1 (3:0)": 1.21, "X (3:0)": 5.4, "2 (3:0)": 7.02, "1 (2:0)": 1.54, "X (2:0)": 3.69, "2 (2:0)": 3.42, "1 (0:2)": 31.5, "X (0:2)": 9.0, "2 (0:2)": 1.01, "1 (1:0)": 2.48, "X (1:0)": 3.19, "2 (1:0)": 1.89, "1 (0:1)": 15.3, "X (0:1)": 6.3, "2 (0:1)": 1.09}}, {"Double chance & both teams to score": {"1/X & yes": 3.78, "X/2 & yes": 1.92, "1/2 & yes": 2.34, "1/X & no": 5.94, "X/2 & no": 1.73, "1/2 & no": 1.7}}]}, {"title": "Brentford FC Vs Leeds United\n", "date": "03/09/22 17:00", "prediction": [{"3 Way": {"1": 2.03, "X": 3.38, "2": 3.02}}, {"Both teams to score": {"yes": 1.55, "no": 2.02}}, {"Double chance": {"1 or X": 1.31, "X or 2": 1.53, "1 or 2": 1.25}}, {"Over/Under": {"over 5.5": 9.9, "under 5.5": 1.06, "OVER 4.5": 5.04, "UNDER 4.5": 1.18, "OVER 3.5": 2.61, "UNDER 3.5": 1.39, "OVER 2.5": 1.6, "UNDER 2.5": 1.93, "OVER 1.5": 1.19, "UNDER 1.5": 3.96, "OVER 0.5": 1.05, "UNDER 0.5": 11.7}}, {"1st Half - 3 Way": {"1": 2.48, "X": 2.05, "2": 3.33}}, {"1st half - Over/Under": {"over 2.5": 5.4, "under 2.5": 1.12, "OVER 1.5": 2.34, "UNDER 1.5": 1.42, "OVER 0.5": 1.28, "UNDER 0.5": 2.79}}, {"Halftime/Fulltime": {"1/1": 3.02, "1/X": 12.6, "1/2": 31.5, "X/1": 5.04, "X/X": 5.04, "X/2": 6.84, "2/X": 13.5, "2/2": 4.68, "2/1": 24.3}}, {"Odd/even": {"odd": 1.78, "even": 1.68}}, {"1st Half - Both teams to score": {"yes": 3.56, "no": 1.22}}, {"3 Way & Over/Under": {"1 & under 4.5": 2.38, "X & under 4.5": 3.33, "2 & under 4.5": 3.42, "1 & over 4.5": 8.64, "X & over 4.5": 45.0, "2 & over 4.5": 14.4, "1 & UNDER 3.5": 2.92, "X & UNDER 3.5": 4.5, "2 & UNDER 3.5": 4.05, "1 & OVER 3.5": 5.22, "X & OVER 3.5": 9.9, "2 & OVER 3.5": 8.64, "1 & UNDER 2.5": 5.22, "X & UNDER 2.5": 4.5, "2 & UNDER 2.5": 7.2, "1 & OVER 2.5": 2.92, "X & OVER 2.5": 9.9, "2 & OVER 2.5": 4.41, "1 & UNDER 1.5": 9.0, "X & UNDER 1.5": 13.5, "2 & UNDER 1.5": 11.7, "1 & OVER 1.5": 2.34, "X & OVER 1.5": 3.96, "2 & OVER 1.5": 3.6}}, {"3 Way & both teams to score": {"1 & yes": 3.56, "X & yes": 3.87, "2 & yes": 5.04, "1 & no": 3.69, "X & no": 12.6, "2 & no": 5.58}}, {"Highest scoring half": {"1st half": 2.92, "equal": 3.29, "2nd half": 1.82}}, {"Handicap": {"1 (0:3)": 15.3, "X (0:3)": 8.1, "2 (0:3)": 1.05, "1 (2:0)": 1.09, "X (2:0)": 6.84, "2 (2:0)": 12.6, "1 (0:2)": 7.2, "X (0:2)": 5.22, "2 (0:2)": 1.21, "1 (1:0)": 1.26, "X (1:0)": 4.32, "2 (1:0)": 5.76, "1 (0:1)": 3.42, "X (0:1)": 3.6, "2 (0:1)": 1.56}}, {"Double chance & both teams to score": {"1/X & yes": 1.85, "X/2 & yes": 2.17, "1/2 & yes": 2.07, "1/X & no": 2.79, "X/2 & no": 3.78, "1/2 & no": 2.21}}]}, {"title": "Crystal Palace Vs Aston Villa\n", "date": "20/08/22 17:00", "prediction": [{"3 Way": {"1": 2.29, "X": 3.1, "2": 2.7}}, {"Both teams to score": {"yes": 1.63, "no": 1.76}}, {"Double chance": {"1 or X": 1.37, "X or 2": 1.48, "1 or 2": 1.29}}, {"Over/Under": {"over 5.5": 14.4, "under 5.5": 1.03, "OVER 4.5": 7.02, "UNDER 4.5": 1.11, "OVER 3.5": 3.38, "UNDER 3.5": 1.24, "OVER 2.5": 1.9, "UNDER 2.5": 1.62, "OVER 1.5": 1.29, "UNDER 1.5": 3.06, "OVER 0.5": 1.08, "UNDER 0.5": 8.82}}, {"1st Half - 3 Way": {"1": 2.83, "X": 1.89, "2": 3.24}}, {"1st half - Over/Under": {"over 2.5": 6.66, "under 2.5": 1.08, "OVER 1.5": 2.74, "UNDER 1.5": 1.3, "OVER 0.5": 1.38, "UNDER 0.5": 2.43}}, {"Halftime/Fulltime": {"1/1": 3.56, "1/X": 13.5, "1/2": 31.5, "X/1": 5.22, "X/X": 4.32, "X/2": 5.94, "2/X": 13.5, "2/2": 4.23, "2/1": 31.5}}, {"Odd/even": {"odd": 1.79, "even": 1.67}}, {"1st Half - Both teams to score": {"yes": 4.14, "no": 1.17}}, {"3 Way & Over/Under": {"1 & under 4.5": 2.52, "X & under 4.5": 2.97, "2 & under 4.5": 2.92, "1 & over 4.5": 14.4, "X & over 4.5": 72.0, "2 & over 4.5": 17.1, "1 & UNDER 3.5": 2.92, "X & UNDER 3.5": 3.69, "2 & UNDER 3.5": 3.33, "1 & OVER 3.5": 7.92, "X & OVER 3.5": 12.6, "2 & OVER 3.5": 9.9, "1 & UNDER 2.5": 4.86, "X & UNDER 2.5": 3.69, "2 & UNDER 2.5": 5.4, "1 & OVER 2.5": 3.87, "X & OVER 2.5": 12.6, "2 & OVER 2.5": 4.5, "1 & UNDER 1.5": 7.92, "X & UNDER 1.5": 9.9, "2 & UNDER 1.5": 8.64, "1 & OVER 1.5": 2.92, "X & OVER 1.5": 4.05, "2 & OVER 1.5": 3.51}}, {"3 Way & both teams to score": {"1 & yes": 4.68, "X & yes": 3.96, "2 & yes": 5.4, "1 & no": 3.69, "X & no": 9.0, "2 & no": 4.41}}, {"Highest scoring half": {"1st half": 2.97, "equal": 3.02, "2nd half": 1.87}}, {"Handicap": {"1 (0:3)": 20.7, "X (0:3)": 8.82, "2 (0:3)": 1.03, "1 (2:0)": 1.1, "X (2:0)": 6.48, "2 (2:0)": 12.6, "1 (0:2)": 9.9, "X (0:2)": 5.76, "2 (0:2)": 1.14, "1 (1:0)": 1.31, "X (1:0)": 3.96, "2 (1:0)": 5.4, "1 (0:1)": 4.32, "X (0:1)": 3.6, "2 (0:1)": 1.43}}, {"Double chance & both teams to score": {"1/X & yes": 2.12, "X/2 & yes": 2.24, "1/2 & yes": 2.43, "1/X & no": 2.61, "X/2 & no": 2.92, "1/2 & no": 2.02}}]}, {"title": "Everton FC Vs Liverpool FC\n", "date": "03/09/22 14:30", "prediction": [{"3 Way": {"1": 7.02, "X": 5.04, "2": 1.36}}, {"Both teams to score": {"yes": 1.61, "no": 1.8}}, {"Double chance": {"1 or X": 2.66, "X or 2": 1.12, "1 or 2": 1.19}}, {"Over/Under": {"over 5.5": 7.38, "under 5.5": 1.1, "OVER 4.5": 3.78, "UNDER 4.5": 1.2, "OVER 3.5": 2.17, "UNDER 3.5": 1.55, "OVER 2.5": 1.49, "UNDER 2.5": 2.29, "OVER 1.5": 1.18, "UNDER 1.5": 4.86, "OVER 0.5": 1.03, "UNDER 0.5": 15.3}}, {"1st Half - 3 Way": {"1": 5.94, "X": 2.38, "2": 1.67}}, {"1st half - Over/Under": {"over 2.5": 4.5, "under 2.5": 1.16, "OVER 1.5": 2.04, "UNDER 1.5": 1.53, "OVER 0.5": 1.22, "UNDER 0.5": 3.24}}, {"Halftime/Fulltime": {"1/1": 10.8, "1/X": 18.9, "1/2": 20.7, "X/1": 14.4, "X/X": 7.2, "X/2": 3.69, "2/X": 18.9, "2/2": 1.72, "2/1": 72.0}}, {"Odd/even": {"odd": 1.74, "even": 1.73}}, {"1st Half - Both teams to score": {"yes": 3.69, "no": 1.21}}, {"3 Way & Over/Under": {"1 & under 4.5": 7.56, "X & under 4.5": 4.86, "2 & under 4.5": 1.66, "1 & over 4.5": 36.0, "X & over 4.5": 72.0, "2 & over 4.5": 4.23, "1 & UNDER 3.5": 8.64, "X & UNDER 3.5": 6.48, "2 & UNDER 3.5": 2.16, "1 & OVER 3.5": 23.4, "X & OVER 3.5": 14.4, "2 & OVER 3.5": 2.61, "1 & UNDER 2.5": 15.3, "X & UNDER 2.5": 6.48, "2 & UNDER 2.5": 3.96, "1 & OVER 2.5": 10.8, "X & OVER 2.5": 14.4, "2 & OVER 2.5": 1.7, "1 & UNDER 1.5": 21.6, "X & UNDER 1.5": 18.9, "2 & UNDER 1.5": 8.28, "1 & OVER 1.5": 8.64, "X & OVER 1.5": 5.76, "2 & OVER 1.5": 1.48}}, {"3 Way & both teams to score": {"1 & yes": 10.8, "X & yes": 5.58, "2 & yes": 2.48, "1 & no": 13.5, "X & no": 18.9, "2 & no": 2.16}}, {"Highest scoring half": {"1st half": 2.83, "equal": 3.51, "2nd half": 1.78}}, {"Handicap": {"1 (3:0)": 1.21, "X (3:0)": 5.22, "2 (3:0)": 5.76, "1 (2:0)": 1.55, "X (2:0)": 3.78, "2 (2:0)": 3.02, "1 (0:2)": 27.0, "X (0:2)": 9.0, "2 (0:2)": 1.01, "1 (1:0)": 2.61, "X (1:0)": 3.42, "2 (1:0)": 1.75, "1 (0:1)": 14.4, "X (0:1)": 6.66, "2 (0:1)": 1.09}}, {"Double chance & both teams to score": {"1/X & yes": 3.6, "X/2 & yes": 1.73, "1/2 & yes": 2.0, "1/X & no": 7.38, "X/2 & no": 1.91, "1/2 & no": 1.84}}, {"Everton FC no bet": {"X": 3.51, "2": 1.19}}]}, {"title": "Everton FC Vs Nottingham Forest\n", "date": "20/08/22 17:00", "prediction": [{"3 Way": {"1": 1.8, "X": 3.33, "2": 3.78}}, {"Both teams to score": {"yes": 1.67, "no": 1.74}}, {"Double chance": {"1 or X": 1.22, "X or 2": 1.69, "1 or 2": 1.25}}, {"Over/Under": {"over 5.5": 13.5, "under 5.5": 1.04, "OVER 4.5": 6.66, "UNDER 4.5": 1.12, "OVER 3.5": 3.24, "UNDER 3.5": 1.26, "OVER 2.5": 1.83, "UNDER 2.5": 1.67, "OVER 1.5": 1.27, "UNDER 1.5": 3.19, "OVER 0.5": 1.07, "UNDER 0.5": 9.9}}, {"1st Half - 3 Way": {"1": 2.34, "X": 1.95, "2": 4.05}}, {"1st half - Over/Under": {"over 2.5": 6.48, "under 2.5": 1.09, "OVER 1.5": 2.66, "UNDER 1.5": 1.32, "OVER 0.5": 1.36, "UNDER 0.5": 2.52}}, {"Halftime/Fulltime": {"1/1": 2.66, "1/X": 14.4, "1/2": 40.5, "X/1": 4.32, "X/X": 4.68, "X/2": 7.74, "2/X": 14.4, "2/2": 5.94, "2/1": 26.1}}, {"Odd/even": {"odd": 1.77, "even": 1.69}}, {"1st Half - Both teams to score": {"yes": 4.23, "no": 1.17}}, {"3 Way & Over/Under": {"1 & under 4.5": 2.0, "X & under 4.5": 3.19, "2 & under 4.5": 3.96, "1 & over 4.5": 9.9, "X & over 4.5": 81.0, "2 & over 4.5": 25.2, "1 & UNDER 3.5": 2.38, "X & UNDER 3.5": 3.96, "2 & UNDER 3.5": 4.41, "1 & OVER 3.5": 5.4, "X & OVER 3.5": 13.5, "2 & OVER 3.5": 14.4, "1 & UNDER 2.5": 3.96, "X & UNDER 2.5": 3.96, "2 & UNDER 2.5": 7.2, "1 & OVER 2.5": 2.83, "X & OVER 2.5": 13.5, "2 & OVER 2.5": 6.48, "1 & UNDER 1.5": 7.02, "X & UNDER 1.5": 9.9, "2 & UNDER 1.5": 10.8, "1 & OVER 1.5": 2.19, "X & OVER 1.5": 4.32, "2 & OVER 1.5": 5.04}}, {"3 Way & both teams to score": {"1 & yes": 3.69, "X & yes": 4.23, "2 & yes": 7.02, "1 & no": 2.83, "X & no": 9.9, "2 & no": 6.12}}, {"Highest scoring half": {"1st half": 2.92, "equal": 3.1, "2nd half": 1.86}}, {"Handicap": {"1 (0:3)": 14.4, "X (0:3)": 7.56, "2 (0:3)": 1.07, "1 (2:0)": 1.05, "X (2:0)": 7.74, "2 (2:0)": 18.9, "1 (0:2)": 6.48, "X (0:2)": 4.68, "2 (0:2)": 1.21, "1 (1:0)": 1.23, "X (1:0)": 4.68, "2 (1:0)": 7.92, "1 (0:1)": 3.02, "X (0:1)": 3.29, "2 (0:1)": 1.64}}, {"Double chance & both teams to score": {"1/X & yes": 1.97, "X/2 & yes": 2.61, "1/2 & yes": 2.38, "1/X & no": 2.18, "X/2 & no": 3.69, "1/2 & no": 1.93}}]}, {"title": "Fulham FC Vs Brentford FC\n", "date": "20/08/22 17:00", "prediction": [{"3 Way": {"1": 2.25, "X": 3.15, "2": 2.79}}, {"Both teams to score": {"yes": 1.56, "no": 1.87}}, {"Double chance": {"1 or X": 1.35, "X or 2": 1.51, "1 or 2": 1.29}}, {"Over/Under": {"over 5.5": 12.6, "under 5.5": 1.04, "OVER 4.5": 6.12, "UNDER 4.5": 1.13, "OVER 3.5": 3.06, "UNDER 3.5": 1.29, "OVER 2.5": 1.77, "UNDER 2.5": 1.73, "OVER 1.5": 1.24, "UNDER 1.5": 3.38, "OVER 0.5": 1.07, "UNDER 0.5": 9.9}}, {"1st Half - 3 Way": {"1": 2.74, "X": 1.95, "2": 3.19}}, {"1st half - Over/Under": {"over 2.5": 6.12, "under 2.5": 1.09, "OVER 1.5": 2.56, "UNDER 1.5": 1.34, "OVER 0.5": 1.34, "UNDER 0.5": 2.56}}, {"Halftime/Fulltime": {"1/1": 3.42, "1/X": 12.6, "1/2": 31.5, "X/1": 5.22, "X/X": 4.5, "X/2": 6.12, "2/X": 12.6, "2/2": 4.32, "2/1": 27.0}}, {"Odd/even": {"odd": 1.8, "even": 1.67}}, {"1st Half - Both teams to score": {"yes": 3.87, "no": 1.19}}, {"3 Way & Over/Under": {"1 & under 4.5": 2.52, "X & under 4.5": 3.02, "2 & under 4.5": 3.02, "1 & over 4.5": 11.7, "X & over 4.5": 63.0, "2 & over 4.5": 15.3, "1 & UNDER 3.5": 2.97, "X & UNDER 3.5": 3.87, "2 & UNDER 3.5": 3.56, "1 & OVER 3.5": 6.84, "X & OVER 3.5": 10.8, "2 & OVER 3.5": 9.0, "1 & UNDER 2.5": 5.04, "X & UNDER 2.5": 3.87, "2 & UNDER 2.5": 5.94, "1 & OVER 2.5": 3.51, "X & OVER 2.5": 10.8, "2 & OVER 2.5": 4.41, "1 & UNDER 1.5": 8.46, "X & UNDER 1.5": 10.8, "2 & UNDER 1.5": 9.9, "1 & OVER 1.5": 2.74, "X & OVER 1.5": 3.96, "2 & OVER 1.5": 3.46}}, {"3 Way & both teams to score": {"1 & yes": 4.23, "X & yes": 3.78, "2 & yes": 5.04, "1 & no": 3.78, "X & no": 9.9, "2 & no": 4.68}}, {"Highest scoring half": {"1st half": 2.97, "equal": 3.1, "2nd half": 1.85}}, {"Handicap": {"1 (0:3)": 18.9, "X (0:3)": 8.64, "2 (0:3)": 1.03, "1 (2:0)": 1.1, "X (2:0)": 6.48, "2 (2:0)": 12.6, "1 (0:2)": 9.0, "X (0:2)": 5.58, "2 (0:2)": 1.16, "1 (1:0)": 1.3, "X (1:0)": 4.05, "2 (1:0)": 5.4, "1 (0:1)": 4.05, "X (0:1)": 3.69, "2 (0:1)": 1.45}}, {"Double chance & both teams to score": {"1/X & yes": 2.01, "X/2 & yes": 2.17, "1/2 & yes": 2.29, "1/X & no": 2.7, "X/2 & no": 3.15, "1/2 & no": 2.11}}]}, {"title": "Leeds United Vs Chelsea FC\n", "date": "21/08/22 16:00", "prediction": [{"3 Way": {"1": 5.4, "X": 4.05, "2": 1.54}}, {"Both teams to score": {"yes": 1.65, "no": 1.75}}, {"Double chance": {"1 or X": 2.16, "X or 2": 1.17, "1 or 2": 1.19}}, {"Over/Under": {"over 5.5": 9.9, "under 5.5": 1.06, "OVER 4.5": 5.04, "UNDER 4.5": 1.18, "OVER 3.5": 2.66, "UNDER 3.5": 1.38, "OVER 2.5": 1.6, "UNDER 2.5": 1.92, "OVER 1.5": 1.2, "UNDER 1.5": 3.87, "OVER 0.5": 1.05, "UNDER 0.5": 11.7}}, {"1st Half - 3 Way": {"1": 5.04, "X": 2.15, "2": 1.9}}, {"1st half - Over/Under": {"over 2.5": 5.4, "under 2.5": 1.12, "OVER 1.5": 2.34, "UNDER 1.5": 1.42, "OVER 0.5": 1.28, "UNDER 0.5": 2.83}}, {"Halftime/Fulltime": {"1/1": 8.46, "1/X": 16.2, "1/2": 22.5, "X/1": 10.8, "X/X": 5.58, "X/2": 3.87, "2/X": 16.2, "2/2": 2.03, "2/1": 54.0}}, {"Odd/even": {"odd": 1.75, "even": 1.71}}, {"1st Half - Both teams to score": {"yes": 3.96, "no": 1.18}}, {"3 Way & Over/Under": {"1 & under 4.5": 5.58, "X & under 4.5": 3.87, "2 & under 4.5": 1.73, "1 & over 4.5": 31.5, "X & over 4.5": 72.0, "2 & over 4.5": 6.12, "1 & UNDER 3.5": 6.48, "X & UNDER 3.5": 5.04, "2 & UNDER 3.5": 2.16, "1 & OVER 3.5": 19.8, "X & OVER 3.5": 13.5, "2 & OVER 3.5": 3.56, "1 & UNDER 2.5": 10.8, "X & UNDER 2.5": 5.04, "2 & UNDER 2.5": 3.78, "1 & OVER 2.5": 8.82, "X & OVER 2.5": 13.5, "2 & OVER 2.5": 2.11, "1 & UNDER 1.5": 15.3, "X & UNDER 1.5": 13.5, "2 & UNDER 1.5": 7.2, "1 & OVER 1.5": 7.02, "X & OVER 1.5": 4.86, "2 & OVER 1.5": 1.67}}, {"3 Way & both teams to score": {"1 & yes": 9.0, "X & yes": 4.86, "2 & yes": 2.92, "1 & no": 9.0, "X & no": 13.5, "2 & no": 2.34}}, {"Highest scoring half": {"1st half": 2.88, "equal": 3.29, "2nd half": 1.83}}, {"Handicap": {"1 (3:0)": 1.16, "X (3:0)": 5.94, "2 (3:0)": 8.46, "1 (2:0)": 1.41, "X (2:0)": 4.05, "2 (2:0)": 4.14, "1 (0:2)": 25.2, "X (0:2)": 8.64, "2 (0:2)": 1.02, "1 (1:0)": 2.1, "X (1:0)": 3.29, "2 (1:0)": 2.17, "1 (0:1)": 11.7, "X (0:1)": 5.76, "2 (0:1)": 1.13}}, {"Double chance & both teams to score": {"1/X & yes": 3.1, "X/2 & yes": 1.84, "1/2 & yes": 2.21, "1/X & no": 5.22, "X/2 & no": 1.97, "1/2 & no": 1.87}}, {"Leeds United no bet": {"X": 2.83, "2": 1.22}}]}, {"title": "Leicester City Vs Southampton FC\n", "date": "20/08/22 17:00", "prediction": [{"3 Way": {"1": 1.69, "X": 3.69, "2": 3.87}}, {"Both teams to score": {"yes": 1.54, "no": 2.02}}, {"Double chance": {"1 or X": 1.21, "X or 2": 1.8, "1 or 2": 1.22}}, {"Over/Under": {"over 5.5": 8.64, "under 5.5": 1.08, "OVER 4.5": 4.41, "UNDER 4.5": 1.21, "OVER 3.5": 2.38, "UNDER 3.5": 1.45, "OVER 2.5": 1.6, "UNDER 2.5": 2.07, "OVER 1.5": 1.22, "UNDER 1.5": 4.32, "OVER 0.5": 1.04, "UNDER 0.5": 13.5}}, {"1st Half - 3 Way": {"1": 2.13, "X": 2.15, "2": 3.96}}, {"1st half - Over/Under": {"over 2.5": 5.04, "under 2.5": 1.14, "OVER 1.5": 2.2, "UNDER 1.5": 1.46, "OVER 0.5": 1.25, "UNDER 0.5": 2.97}}, {"Halftime/Fulltime": {"1/1": 2.43, "1/X": 13.5, "1/2": 36.0, "X/1": 4.41, "X/X": 5.58, "X/2": 8.46, "2/X": 14.4, "2/2": 5.94, "2/1": 21.6}}, {"Odd/even": {"odd": 1.76, "even": 1.7}}, {"1st Half - Both teams to score": {"yes": 3.46, "no": 1.23}}, {"3 Way & Over/Under": {"1 & under 4.5": 2.08, "X & under 4.5": 3.69, "2 & under 4.5": 4.32, "1 & over 4.5": 6.3, "X & over 4.5": 45.0, "2 & over 4.5": 17.1, "1 & UNDER 3.5": 2.61, "X & UNDER 3.5": 5.04, "2 & UNDER 3.5": 5.04, "1 & OVER 3.5": 3.87, "X & OVER 3.5": 10.8, "2 & OVER 3.5": 10.8, "1 & UNDER 2.5": 4.86, "X & UNDER 2.5": 5.04, "2 & UNDER 2.5": 9.0, "1 & OVER 2.5": 2.34, "X & OVER 2.5": 9.9, "2 & OVER 2.5": 5.58, "1 & UNDER 1.5": 9.0, "X & UNDER 1.5": 15.3, "2 & UNDER 1.5": 14.4, "1 & OVER 1.5": 1.9, "X & OVER 1.5": 4.32, "2 & OVER 1.5": 4.5}}, {"3 Way & both teams to score": {"1 & yes": 2.97, "X & yes": 4.14, "2 & yes": 6.12, "1 & no": 3.1, "X & no": 15.3, "2 & no": 7.38}}, {"Highest scoring half": {"1st half": 2.88, "equal": 3.38, "2nd half": 1.8}}, {"Handicap": {"1 (0:3)": 10.8, "X (0:3)": 6.84, "2 (0:3)": 1.1, "1 (2:0)": 1.05, "X (2:0)": 7.74, "2 (2:0)": 17.1, "1 (0:2)": 5.22, "X (0:2)": 4.5, "2 (0:2)": 1.27, "1 (1:0)": 1.22, "X (1:0)": 4.86, "2 (1:0)": 7.56, "1 (0:1)": 2.61, "X (0:1)": 3.46, "2 (0:1)": 1.74}}, {"Double chance & both teams to score": {"1/X & yes": 1.75, "X/2 & yes": 2.43, "1/2 & yes": 1.99, "1/X & no": 2.52, "X/2 & no": 4.86, "1/2 & no": 2.16}}]}, {"title": "Manchester United Vs Liverpool FC\n", "date": "22/08/22 22:00", "prediction": [{"3 Way": {"1": 5.94, "X": 4.68, "2": 1.43}}, {"Both teams to score": {"yes": 1.6, "no": 1.94}}, {"Double chance": {"1 or X": 2.43, "X or 2": 1.15, "1 or 2": 1.2}}, {"Over/Under": {"over 5.5": 6.84, "under 5.5": 1.11, "OVER 4.5": 3.6, "UNDER 4.5": 1.22, "OVER 3.5": 2.09, "UNDER 3.5": 1.59, "OVER 1.5": 1.17, "UNDER 1.5": 5.04, "OVER 0.5": 1.03, "UNDER 0.5": 16.2, "OVER 2.5": 1.45, "UNDER 2.5": 2.38}}, {"1st Half - 3 Way": {"1": 5.22, "X": 2.38, "2": 1.74}}, {"1st half - Over/Under": {"over 2.5": 4.32, "under 2.5": 1.17, "OVER 1.5": 2.0, "UNDER 1.5": 1.56, "OVER 0.5": 1.21, "UNDER 0.5": 3.33}}, {"Halftime/Fulltime": {"1/1": 9.0, "1/X": 17.1, "1/2": 19.8, "X/1": 12.6, "X/X": 7.02, "X/2": 3.87, "2/X": 17.1, "2/2": 1.83, "2/1": 54.0}}, {"Odd/even": {"odd": 1.74, "even": 1.72}}, {"1st Half - Both teams to score": {"yes": 3.46, "no": 1.23}}, {"3 Way & Over/Under": {"1 & under 4.5": 6.66, "X & under 4.5": 4.68, "2 & under 4.5": 1.77, "1 & over 4.5": 26.1, "X & over 4.5": 54.0, "2 & over 4.5": 4.23, "1 & UNDER 3.5": 7.74, "X & UNDER 3.5": 6.48, "2 & UNDER 3.5": 2.34, "1 & OVER 3.5": 18.0, "X & OVER 3.5": 12.6, "2 & OVER 3.5": 2.66, "1 & UNDER 2.5": 14.4, "X & UNDER 2.5": 6.48, "2 & UNDER 2.5": 4.41, "1 & OVER 2.5": 8.46, "X & OVER 2.5": 12.6, "2 & OVER 2.5": 1.75, "1 & UNDER 1.5": 20.7, "X & UNDER 1.5": 20.7, "2 & UNDER 1.5": 9.0, "1 & OVER 1.5": 7.02, "X & OVER 1.5": 5.22, "2 & OVER 1.5": 1.55}}, {"3 Way & both teams to score": {"1 & yes": 9.0, "X & yes": 5.22, "2 & yes": 2.43, "1 & no": 11.7, "X & no": 19.8, "2 & no": 2.43}}, {"Highest scoring half": {"1st half": 2.83, "equal": 3.56, "2nd half": 1.77}}, {"Handicap": {"1 (3:0)": 1.23, "X (3:0)": 5.4, "2 (3:0)": 6.3, "1 (2:0)": 1.55, "X (2:0)": 3.87, "2 (2:0)": 3.24, "1 (0:2)": 24.3, "X (0:2)": 9.0, "2 (0:2)": 1.02, "1 (1:0)": 2.38, "X (1:0)": 3.46, "2 (1:0)": 1.87, "1 (0:1)": 11.7, "X (0:1)": 6.12, "2 (0:1)": 1.11}}, {"Double chance & both teams to score": {"1/X & yes": 3.19, "X/2 & yes": 1.67, "1/2 & yes": 1.9, "1/X & no": 7.2, "X/2 & no": 2.12, "1/2 & no": 1.99}}, {"Manchester United no bet": {"X": 3.29, "2": 1.21}}]}, {"title": "Newcastle United Vs Crystal Palace\n", "date": "03/09/22 17:00", "prediction": [{"3 Way": {"1": 1.84, "X": 3.33, "2": 3.6}}, {"Both teams to score": {"yes": 1.64, "no": 1.76}}, {"Double chance": {"1 or X": 1.23, "X or 2": 1.67, "1 or 2": 1.26}}, {"Over/Under": {"over 5.5": 13.5, "under 5.5": 1.04, "OVER 4.5": 6.3, "UNDER 4.5": 1.12, "OVER 3.5": 3.15, "UNDER 3.5": 1.27, "OVER 2.5": 1.81, "UNDER 2.5": 1.69, "OVER 1.5": 1.26, "UNDER 1.5": 3.24, "OVER 0.5": 1.07, "UNDER 0.5": 9.9}}, {"1st Half - 3 Way": {"1": 2.34, "X": 1.96, "2": 3.96}}, {"1st half - Over/Under": {"over 2.5": 6.3, "under 2.5": 1.09, "OVER 1.5": 2.61, "UNDER 1.5": 1.33, "OVER 0.5": 1.35, "UNDER 0.5": 2.52}}, {"Halftime/Fulltime": {"1/1": 2.7, "1/X": 13.5, "1/2": 40.5, "X/1": 4.41, "X/X": 4.68, "X/2": 7.56, "2/X": 14.4, "2/2": 5.76, "2/1": 25.2}}, {"Odd/even": {"odd": 1.77, "even": 1.69}}, {"1st Half - Both teams to score": {"yes": 4.14, "no": 1.17}}, {"3 Way & Over/Under": {"1 & under 4.5": 2.05, "X & under 4.5": 3.19, "2 & under 4.5": 3.78, "1 & over 4.5": 9.9, "X & over 4.5": 72.0, "2 & over 4.5": 23.4, "1 & UNDER 3.5": 2.43, "X & UNDER 3.5": 4.05, "2 & UNDER 3.5": 4.32, "1 & OVER 3.5": 5.58, "X & OVER 3.5": 12.6, "2 & OVER 3.5": 13.5, "1 & UNDER 2.5": 4.14, "X & UNDER 2.5": 4.05, "2 & UNDER 2.5": 7.2, "1 & OVER 2.5": 2.88, "X & OVER 2.5": 12.6, "2 & OVER 2.5": 6.12, "1 & UNDER 1.5": 7.2, "X & UNDER 1.5": 10.8, "2 & UNDER 1.5": 10.8, "1 & OVER 1.5": 2.22, "X & OVER 1.5": 4.32, "2 & OVER 1.5": 4.68}}, {"3 Way & both teams to score": {"1 & yes": 3.69, "X & yes": 4.14, "2 & yes": 6.66, "1 & no": 2.92, "X & no": 9.9, "2 & no": 5.94}}, {"Highest scoring half": {"1st half": 2.92, "equal": 3.1, "2nd half": 1.85}}, {"Handicap": {"1 (0:3)": 14.4, "X (0:3)": 7.56, "2 (0:3)": 1.06, "1 (2:0)": 1.05, "X (2:0)": 7.56, "2 (2:0)": 18.0, "1 (0:2)": 6.66, "X (0:2)": 4.86, "2 (0:2)": 1.19, "1 (1:0)": 1.24, "X (1:0)": 4.5, "2 (1:0)": 7.56, "1 (0:1)": 3.1, "X (0:1)": 3.33, "2 (0:1)": 1.6}}, {"Double chance & both teams to score": {"1/X & yes": 1.96, "X/2 & yes": 2.52, "1/2 & yes": 2.38, "1/X & no": 2.24, "X/2 & no": 3.69, "1/2 & no": 1.96}}]}, {"title": "Newcastle United Vs Manchester City\n", "date": "21/08/22 18:30", "prediction": [{"3 Way": {"1": 7.2, "X": 4.86, "2": 1.36}}, {"Both teams to score": {"yes": 1.64, "no": 1.76}}, {"Double chance": {"1 or X": 2.66, "X or 2": 1.12, "1 or 2": 1.19}}, {"Over/Under": {"over 5.5": 7.74, "under 5.5": 1.09, "OVER 4.5": 3.96, "UNDER 4.5": 1.19, "OVER 3.5": 2.23, "UNDER 3.5": 1.52, "OVER 2.5": 1.52, "UNDER 2.5": 2.23, "OVER 1.5": 1.19, "UNDER 1.5": 4.68, "OVER 0.5": 1.03, "UNDER 0.5": 15.3}}, {"1st Half - 3 Way": {"1": 5.94, "X": 2.34, "2": 1.67}}, {"1st half - Over/Under": {"over 2.5": 4.68, "under 2.5": 1.16, "OVER 1.5": 2.08, "UNDER 1.5": 1.51, "OVER 0.5": 1.23, "UNDER 0.5": 3.19}}, {"Halftime/Fulltime": {"1/1": 10.8, "1/X": 18.9, "1/2": 21.6, "X/1": 14.4, "X/X": 7.02, "X/2": 3.69, "2/X": 18.9, "2/2": 1.73, "2/1": 72.0}}, {"Odd/even": {"odd": 1.74, "even": 1.72}}, {"1st Half - Both teams to score": {"yes": 3.78, "no": 1.2}}, {"3 Way & Over/Under": {"1 & under 4.5": 7.74, "X & under 4.5": 4.68, "2 & under 4.5": 1.63, "1 & over 4.5": 40.5, "X & over 4.5": 72.0, "2 & over 4.5": 4.41, "1 & UNDER 3.5": 8.64, "X & UNDER 3.5": 6.3, "2 & UNDER 3.5": 2.12, "1 & OVER 3.5": 25.2, "X & OVER 3.5": 15.3, "2 & OVER 3.5": 2.7, "1 & UNDER 2.5": 15.3, "X & UNDER 2.5": 6.3, "2 & UNDER 2.5": 3.87, "1 & OVER 2.5": 10.8, "X & OVER 2.5": 15.3, "2 & OVER 2.5": 1.73, "1 & UNDER 1.5": 21.6, "X & UNDER 1.5": 18.0, "2 & UNDER 1.5": 8.1, "1 & OVER 1.5": 9.0, "X & OVER 1.5": 5.76, "2 & OVER 1.5": 1.49}}, {"3 Way & both teams to score": {"1 & yes": 11.7, "X & yes": 5.58, "2 & yes": 2.52, "1 & no": 13.5, "X & no": 18.0, "2 & no": 2.12}}, {"Highest scoring half": {"1st half": 2.83, "equal": 3.46, "2nd half": 1.79}}, {"Handicap": {"1 (0:2)": 27.0, "X (0:2)": 9.0, "2 (0:2)": 1.01}}, {"Double chance & both teams to score": {"1/X & yes": 3.69, "X/2 & yes": 1.75, "1/2 & yes": 2.05, "1/X & no": 7.2, "X/2 & no": 1.86, "1/2 & no": 1.81}}]}, {"title": "Tottenham Hotspur Vs Wolverhampton Wanderers\n", "date": "20/08/22 14:30", "prediction": [{"3 Way": {"1": 1.33, "X": 4.86, "2": 8.1}}, {"Both teams to score": {"yes": 1.89, "no": 1.55}}, {"Double chance": {"1 or X": 1.1, "X or 2": 2.79, "1 or 2": 1.19}}, {"Over/Under": {"over 5.5": 9.9, "under 5.5": 1.06, "OVER 4.5": 5.04, "UNDER 4.5": 1.17, "OVER 3.5": 2.66, "UNDER 3.5": 1.37, "OVER 2.5": 1.6, "UNDER 2.5": 1.92, "OVER 1.5": 1.2, "UNDER 1.5": 3.78, "OVER 0.5": 1.05, "UNDER 0.5": 12.6}}, {"1st Half - 3 Way": {"1": 1.67, "X": 2.24, "2": 6.84}}, {"1st half - Over/Under": {"over 2.5": 5.4, "under 2.5": 1.12, "OVER 1.5": 2.34, "UNDER 1.5": 1.42, "OVER 0.5": 1.27, "UNDER 0.5": 2.83}}, {"Halftime/Fulltime": {"1/1": 1.71, "1/X": 20.7, "1/2": 90.9, "X/1": 3.46, "X/X": 6.48, "X/2": 15.3, "2/X": 21.6, "2/2": 12.6, "2/1": 23.4}}, {"Odd/even": {"odd": 1.74, "even": 1.73}}, {"1st Half - Both teams to score": {"yes": 4.5, "no": 1.15}}, {"3 Way & Over/Under": {"1 & under 4.5": 1.58, "X & under 4.5": 4.5, "2 & under 4.5": 8.1, "1 & over 4.5": 5.4, "X & over 4.5": 90.9, "2 & over 4.5": 63.0, "1 & UNDER 3.5": 1.87, "X & UNDER 3.5": 5.58, "2 & UNDER 3.5": 9.0, "1 & OVER 3.5": 3.1, "X & OVER 3.5": 20.7, "2 & OVER 3.5": 40.5, "1 & UNDER 2.5": 3.19, "X & UNDER 2.5": 5.58, "2 & UNDER 2.5": 14.4, "1 & OVER 2.5": 1.84, "X & OVER 2.5": 20.7, "2 & OVER 2.5": 14.4, "1 & UNDER 1.5": 6.3, "X & UNDER 1.5": 13.5, "2 & UNDER 1.5": 18.9, "1 & OVER 1.5": 1.52, "X & OVER 1.5": 6.3, "2 & OVER 1.5": 11.7}}, {"3 Way & both teams to score": {"1 & yes": 2.88, "X & yes": 6.12, "2 & yes": 15.3, "1 & no": 1.85, "X & no": 13.5, "2 & no": 12.6}}, {"Highest scoring half": {"1st half": 2.83, "equal": 3.33, "2nd half": 1.83}}, {"Handicap": {"1 (0:3)": 6.3, "X (0:3)": 5.04, "2 (0:3)": 1.19, "1 (2:0)": 1.01, "X (2:0)": 9.0, "2 (2:0)": 36.0, "1 (0:2)": 3.1, "X (0:2)": 3.6, "2 (0:2)": 1.55, "1 (1:0)": 1.07, "X (1:0)": 6.66, "2 (1:0)": 18.0, "1 (0:1)": 1.76, "X (0:1)": 3.24, "2 (0:1)": 2.74}}, {"Double chance & both teams to score": {"1/X & yes": 1.97, "X/2 & yes": 4.23, "1/2 & yes": 2.38, "1/X & no": 1.62, "X/2 & no": 6.3, "1/2 & no": 1.62}}]}, {"title": "West Ham United Vs Brighton & Hove Albion\n", "date": "21/08/22 16:00", "prediction": [{"3 Way": {"1": 2.12, "X": 3.19, "2": 2.97}}, {"Both teams to score": {"yes": 1.58, "no": 1.83}}, {"Double chance": {"1 or X": 1.32, "X or 2": 1.58, "1 or 2": 1.27}}, {"Over/Under": {"over 5.5": 12.6, "under 5.5": 1.04, "OVER 4.5": 6.3, "UNDER 4.5": 1.13, "OVER 3.5": 3.1, "UNDER 3.5": 1.28, "OVER 2.5": 1.79, "UNDER 2.5": 1.7, "OVER 1.5": 1.25, "UNDER 1.5": 3.29, "OVER 0.5": 1.07, "UNDER 0.5": 9.9}}, {"1st Half - 3 Way": {"1": 2.61, "X": 1.94, "2": 3.42}}, {"1st half - Over/Under": {"over 2.5": 6.3, "under 2.5": 1.09, "OVER 1.5": 2.61, "UNDER 1.5": 1.33, "OVER 0.5": 1.35, "UNDER 0.5": 2.52}}, {"Halftime/Fulltime": {"1/1": 3.19, "1/X": 13.5, "1/2": 36.0, "X/1": 4.86, "X/X": 4.5, "X/2": 6.48, "2/X": 13.5, "2/2": 4.68, "2/1": 27.0}}, {"Odd/even": {"odd": 1.78, "even": 1.68}}, {"1st Half - Both teams to score": {"yes": 3.96, "no": 1.18}}, {"3 Way & Over/Under": {"1 & under 4.5": 2.34, "X & under 4.5": 3.1, "2 & under 4.5": 3.19, "1 & over 4.5": 11.7, "X & over 4.5": 63.0, "2 & over 4.5": 18.0, "1 & UNDER 3.5": 2.79, "X & UNDER 3.5": 3.96, "2 & UNDER 3.5": 3.69, "1 & OVER 3.5": 6.48, "X & OVER 3.5": 11.7, "2 & OVER 3.5": 9.9, "1 & UNDER 2.5": 4.68, "X & UNDER 2.5": 3.96, "2 & UNDER 2.5": 6.12, "1 & OVER 2.5": 3.33, "X & OVER 2.5": 11.7, "2 & OVER 2.5": 4.86, "1 & UNDER 1.5": 7.92, "X & UNDER 1.5": 10.8, "2 & UNDER 1.5": 9.9, "1 & OVER 1.5": 2.56, "X & OVER 1.5": 4.05, "2 & OVER 1.5": 3.78}}, {"3 Way & both teams to score": {"1 & yes": 4.05, "X & yes": 3.96, "2 & yes": 5.4, "1 & no": 3.51, "X & no": 9.9, "2 & no": 5.04}}, {"Highest scoring half": {"1st half": 2.97, "equal": 3.1, "2nd half": 1.85}}, {"Handicap": {"1 (0:3)": 18.0, "X (0:3)": 8.28, "2 (0:3)": 1.04, "1 (2:0)": 1.08, "X (2:0)": 6.84, "2 (2:0)": 13.5, "1 (0:2)": 8.46, "X (0:2)": 5.4, "2 (0:2)": 1.18, "1 (1:0)": 1.26, "X (1:0)": 4.14, "2 (1:0)": 5.94, "1 (0:1)": 3.78, "X (0:1)": 3.56, "2 (0:1)": 1.52}}, {"Double chance & both teams to score": {"1/X & yes": 2.01, "X/2 & yes": 2.29, "1/2 & yes": 2.34, "1/X & no": 2.56, "X/2 & no": 3.29, "1/2 & no": 2.05}}, {"West Ham United no bet": {"X": 1.7, "2": 1.57}}]}]