[{
    "title": "AS Roma Vs US Cremonese\n",
    "date": "22/08/22 19:30",
    "prediction": [{
        "3 Way": {
            "1": 1.24,
            "X": 5.76,
            "2": 10.8
        }
    }, {
        "Both teams to score": {
            "yes": 2.06,
            "no": 1.52
        }
    }, {
        "Double chance": {
            "1 or X": 1.07,
            "X or 2": 3.38,
            "1 or 2": 1.15
        }
    }, {
        "Over/Under": {
            "over 5.5": 9.9,
            "under 5.5": 1.07,
            "OVER 4.5": 4.68,
            "UNDER 4.5": 1.19,
            "OVER 3.5": 2.56,
            "UNDER 3.5": 1.41,
            "OVER 2.5": 1.56,
            "UNDER 2.5": 2.0,
            "OVER 1.5": 1.24,
            "UNDER 1.5": 4.05,
            "OVER 0.5": 1.04,
            "UNDER 0.5": 13.5
        }
    }, {
        "1st Half - 3 Way": {
            "1": 1.55,
            "X": 2.34,
            "2": 8.46
        }
    }, {
        "1st half - Over/Under": {
            "over 2.5": 5.22,
            "under 2.5": 1.13,
            "OVER 1.5": 2.25,
            "UNDER 1.5": 1.43,
            "OVER 0.5": 1.25,
            "UNDER 0.5": 2.97
        }
    }, {
        "Halftime/Fulltime": {
            "1/1": 1.54,
            "1/X": 24.3,
            "1/2": 90.9,
            "X/1": 3.33,
            "X/X": 7.2,
            "X/2": 20.7,
            "2/X": 25.2,
            "2/2": 18.0,
            "2/1": 25.2
        }
    }, {
        "Odd/even": {
            "odd": 1.73,
            "even": 1.74
        }
    }, {
        "1st Half - Both teams to score": {
            "yes": 4.86,
            "no": 1.13
        }
    }, {
        "3 Way & Over/Under": {
            "1 & under 4.5": 1.47,
            "X & under 4.5": 5.22,
            "2 & under 4.5": 10.8,
            "1 & over 4.5": 4.86,
            "X & over 4.5": 90.9,
            "2 & over 4.5": 90.9,
            "1 & UNDER 3.5": 1.77,
            "X & UNDER 3.5": 6.3,
            "2 & UNDER 3.5": 11.7,
            "1 & OVER 3.5": 2.74,
            "X & OVER 3.5": 26.1,
            "2 & OVER 3.5": 63.0,
            "1 & UNDER 2.5": 3.02,
            "X & UNDER 2.5": 6.3,
            "2 & UNDER 2.5": 18.9,
            "1 & OVER 2.5": 1.68,
            "X & OVER 2.5": 26.1,
            "2 & OVER 2.5": 21.6,
            "1 & UNDER 1.5": 6.12,
            "X & UNDER 1.5": 14.4,
            "2 & UNDER 1.5": 23.4,
            "1 & OVER 1.5": 1.4,
            "X & OVER 1.5": 7.56,
            "2 & OVER 1.5": 16.2
        }
    }, {
        "3 Way & both teams to score": {
            "1 & yes": 2.88,
            "X & yes": 7.38,
            "2 & yes": 21.6,
            "1 & no": 1.64,
            "X & no": 14.4,
            "2 & no": 17.1
        }
    }, {
        "Highest scoring half": {
            "1st half": 2.83,
            "equal": 3.38,
            "2nd half": 1.83
        }
    }, {
        "Handicap": {
            "1 (0:4)": 9.9,
            "X (0:4)": 7.02,
            "2 (0:4)": 1.11
        }
    }, {
        "Double chance & both teams to score": {
            "1/X & yes": 2.08,
            "X/2 & yes": 5.22,
            "1/2 & yes": 2.52,
            "1/X & no": 1.55,
            "X/2 & no": 7.56,
            "1/2 & no": 1.57
        }
    }]
}, {
    "title": "Atalanta BC Vs AC Milan\n",
    "date": "21/08/22 21:45",
    "prediction": [{
        "3 Way": {
            "1": 2.61,
            "X": 3.24,
            "2": 2.34
        }
    }, {
        "Both teams to score": {
            "yes": 1.51,
            "no": 2.08
        }
    }, {
        "Double chance": {
            "1 or X": 1.48,
            "X or 2": 1.4,
            "1 or 2": 1.27
        }
    }, {
        "Over/Under": {
            "over 5.5": 9.9,
            "under 5.5": 1.07,
            "OVER 4.5": 4.86,
            "UNDER 4.5": 1.18,
            "OVER 3.5": 2.56,
            "UNDER 3.5": 1.4,
            "OVER 2.5": 1.59,
            "UNDER 2.5": 1.94,
            "OVER 1.5": 1.24,
            "UNDER 1.5": 3.96,
            "OVER 0.5": 1.05,
            "UNDER 0.5": 11.7
        }
    }, {
        "1st Half - 3 Way": {
            "1": 2.97,
            "X": 2.05,
            "2": 2.74
        }
    }, {
        "1st half - Over/Under": {
            "over 2.5": 5.4,
            "under 2.5": 1.12,
            "OVER 1.5": 2.29,
            "UNDER 1.5": 1.43,
            "OVER 0.5": 1.28,
            "UNDER 0.5": 2.83
        }
    }, {
        "Halftime/Fulltime": {
            "1/1": 3.96,
            "1/X": 12.6,
            "1/2": 26.1,
            "X/1": 6.12,
            "X/X": 4.86,
            "X/2": 5.58,
            "2/X": 12.6,
            "2/2": 3.46,
            "2/1": 27.0
        }
    }, {
        "Odd/even": {
            "odd": 1.8,
            "even": 1.67
        }
    }, {
        "1st Half - Both teams to score": {
            "yes": 3.51,
            "no": 1.23
        }
    }, {
        "3 Way & Over/Under": {
            "1 & under 4.5": 3.02,
            "X & under 4.5": 3.19,
            "2 & under 4.5": 2.74,
            "1 & over 4.5": 11.7,
            "X & over 4.5": 40.5,
            "2 & over 4.5": 9.9,
            "1 & UNDER 3.5": 3.6,
            "X & UNDER 3.5": 4.32,
            "2 & UNDER 3.5": 3.33,
            "1 & OVER 3.5": 7.02,
            "X & OVER 3.5": 9.0,
            "2 & OVER 3.5": 6.12,
            "1 & UNDER 2.5": 6.48,
            "X & UNDER 2.5": 4.32,
            "2 & UNDER 2.5": 5.94,
            "1 & OVER 2.5": 3.78,
            "X & OVER 2.5": 9.0,
            "2 & OVER 2.5": 3.33,
            "1 & UNDER 1.5": 10.8,
            "X & UNDER 1.5": 13.5,
            "2 & UNDER 1.5": 9.9,
            "1 & OVER 1.5": 3.06,
            "X & OVER 1.5": 3.78,
            "2 & OVER 1.5": 2.7
        }
    }, {
        "3 Way & both teams to score": {
            "1 & yes": 4.32,
            "X & yes": 3.69,
            "2 & yes": 3.96,
            "1 & no": 4.86,
            "X & no": 12.6,
            "2 & no": 4.32
        }
    }, {
        "Highest scoring half": {
            "1st half": 2.92,
            "equal": 3.24,
            "2nd half": 1.82
        }
    }, {
        "Handicap": {
            "1 (3:0)": 1.03,
            "X (3:0)": 8.64,
            "2 (3:0)": 18.0,
            "1 (2:0)": 1.16,
            "X (2:0)": 5.76,
            "2 (2:0)": 9.0,
            "1 (0:2)": 10.8,
            "X (0:2)": 6.3,
            "2 (0:2)": 1.12,
            "1 (1:0)": 1.43,
            "X (1:0)": 3.87,
            "2 (1:0)": 4.05,
            "1 (0:1)": 4.68,
            "X (0:1)": 4.05,
            "2 (0:1)": 1.34
        }
    }, {
        "Double chance & both teams to score": {
            "1/X & yes": 1.99,
            "X/2 & yes": 1.91,
            "1/2 & yes": 2.06,
            "1/X & no": 3.42,
            "X/2 & no": 3.15,
            "1/2 & no": 2.29
        }
    }]
}, {
    "title": "Bologna FC Vs Hellas Verona\n",
    "date": "21/08/22 21:45",
    "prediction": [{
        "3 Way": {
            "1": 2.29,
            "X": 3.1,
            "2": 2.7
        }
    }, {
        "Both teams to score": {
            "yes": 1.55,
            "no": 1.89
        }
    }, {
        "Double chance": {
            "1 or X": 1.37,
            "X or 2": 1.48,
            "1 or 2": 1.29
        }
    }, {
        "Over/Under": {
            "over 5.5": 12.6,
            "under 5.5": 1.04,
            "OVER 4.5": 6.12,
            "UNDER 4.5": 1.13,
            "OVER 3.5": 3.02,
            "UNDER 3.5": 1.3,
            "OVER 2.5": 1.76,
            "UNDER 2.5": 1.74,
            "OVER 1.5": 1.24,
            "UNDER 1.5": 3.38,
            "OVER 0.5": 1.07,
            "UNDER 0.5": 9.9
        }
    }, {
        "1st Half - 3 Way": {
            "1": 2.79,
            "X": 1.96,
            "2": 3.15
        }
    }, {
        "1st half - Over/Under": {
            "over 2.5": 6.12,
            "under 2.5": 1.1,
            "OVER 1.5": 2.52,
            "UNDER 1.5": 1.35,
            "OVER 0.5": 1.34,
            "UNDER 0.5": 2.56
        }
    }, {
        "Halftime/Fulltime": {
            "1/1": 3.51,
            "1/X": 12.6,
            "1/2": 31.5,
            "X/1": 5.4,
            "X/X": 4.5,
            "X/2": 6.12,
            "2/X": 12.6,
            "2/2": 4.14,
            "2/1": 27.0
        }
    }, {
        "Odd/even": {
            "odd": 1.8,
            "even": 1.67
        }
    }, {
        "1st Half - Both teams to score": {
            "yes": 3.87,
            "no": 1.19
        }
    }, {
        "3 Way & Over/Under": {
            "1 & under 4.5": 2.56,
            "X & under 4.5": 3.02,
            "2 & under 4.5": 2.97,
            "1 & over 4.5": 12.6,
            "X & over 4.5": 54.0,
            "2 & over 4.5": 15.3,
            "1 & UNDER 3.5": 3.06,
            "X & UNDER 3.5": 3.87,
            "2 & UNDER 3.5": 3.46,
            "1 & OVER 3.5": 7.02,
            "X & OVER 3.5": 10.8,
            "2 & OVER 3.5": 8.64,
            "1 & UNDER 2.5": 5.22,
            "X & UNDER 2.5": 3.87,
            "2 & UNDER 2.5": 5.94,
            "1 & OVER 2.5": 3.6,
            "X & OVER 2.5": 10.8,
            "2 & OVER 2.5": 4.23,
            "1 & UNDER 1.5": 8.82,
            "X & UNDER 1.5": 10.8,
            "2 & UNDER 1.5": 9.9,
            "1 & OVER 1.5": 2.83,
            "X & OVER 1.5": 3.87,
            "2 & OVER 1.5": 3.33
        }
    }, {
        "3 Way & both teams to score": {
            "1 & yes": 4.32,
            "X & yes": 3.78,
            "2 & yes": 4.86,
            "1 & no": 3.96,
            "X & no": 10.8,
            "2 & no": 4.68
        }
    }, {
        "Highest scoring half": {
            "1st half": 2.97,
            "equal": 3.1,
            "2nd half": 1.85
        }
    }, {
        "Handicap": {
            "1 (0:3)": 18.9,
            "X (0:3)": 8.64,
            "2 (0:3)": 1.03,
            "1 (2:0)": 1.11,
            "X (2:0)": 6.48,
            "2 (2:0)": 11.7,
            "1 (0:2)": 9.9,
            "X (0:2)": 5.76,
            "2 (0:2)": 1.15,
            "1 (1:0)": 1.32,
            "X (1:0)": 4.05,
            "2 (1:0)": 5.22,
            "1 (0:1)": 4.14,
            "X (0:1)": 3.69,
            "2 (0:1)": 1.43
        }
    }, {
        "Double chance & both teams to score": {
            "1/X & yes": 2.01,
            "X/2 & yes": 2.13,
            "1/2 & yes": 2.29,
            "1/X & no": 2.79,
            "X/2 & no": 3.1,
            "1/2 & no": 2.12
        }
    }]
}, {
    "title": "Empoli FC Vs ACF Fiorentina\n",
    "date": "21/08/22 19:30",
    "prediction": [{
        "3 Way": {
            "1": 3.56,
            "X": 3.6,
            "2": 1.77
        }
    }, {
        "Both teams to score": {
            "yes": 1.5,
            "no": 2.11
        }
    }, {
        "Double chance": {
            "1 or X": 1.72,
            "X or 2": 1.24,
            "1 or 2": 1.23
        }
    }, {
        "Over/Under": {
            "over 5.5": 8.28,
            "under 5.5": 1.08,
            "OVER 4.5": 4.23,
            "UNDER 4.5": 1.22,
            "OVER 3.5": 2.34,
            "UNDER 3.5": 1.47,
            "OVER 2.5": 1.58,
            "UNDER 2.5": 2.12,
            "OVER 1.5": 1.21,
            "UNDER 1.5": 4.41,
            "OVER 0.5": 1.04,
            "UNDER 0.5": 13.5
        }
    }, {
        "1st Half - 3 Way": {
            "1": 3.69,
            "X": 2.15,
            "2": 2.21
        }
    }, {
        "1st half - Over/Under": {
            "over 2.5": 4.86,
            "under 2.5": 1.14,
            "OVER 1.5": 2.16,
            "UNDER 1.5": 1.47,
            "OVER 0.5": 1.24,
            "UNDER 0.5": 3.02
        }
    }, {
        "Halftime/Fulltime": {
            "1/1": 5.4,
            "1/X": 13.5,
            "1/2": 22.5,
            "X/1": 8.1,
            "X/X": 5.58,
            "X/2": 4.68,
            "2/X": 13.5,
            "2/2": 2.52,
            "2/1": 36.0
        }
    }, {
        "Odd/even": {
            "odd": 1.77,
            "even": 1.69
        }
    }, {
        "1st Half - Both teams to score": {
            "yes": 3.38,
            "no": 1.24
        }
    }, {
        "3 Way & Over/Under": {
            "1 & under 4.5": 4.14,
            "X & under 4.5": 3.6,
            "2 & under 4.5": 2.2,
            "1 & over 4.5": 15.3,
            "X & over 4.5": 40.5,
            "2 & over 4.5": 6.48,
            "1 & UNDER 3.5": 4.86,
            "X & UNDER 3.5": 5.04,
            "2 & UNDER 3.5": 2.74,
            "1 & OVER 3.5": 9.9,
            "X & OVER 3.5": 9.9,
            "2 & OVER 3.5": 4.05,
            "1 & UNDER 2.5": 9.0,
            "X & UNDER 2.5": 5.04,
            "2 & UNDER 2.5": 5.04,
            "1 & OVER 2.5": 5.04,
            "X & OVER 2.5": 9.9,
            "2 & OVER 2.5": 2.43,
            "1 & UNDER 1.5": 14.4,
            "X & UNDER 1.5": 16.2,
            "2 & UNDER 1.5": 9.9,
            "1 & OVER 1.5": 4.14,
            "X & OVER 1.5": 4.14,
            "2 & OVER 1.5": 1.98
        }
    }, {
        "3 Way & both teams to score": {
            "1 & yes": 5.58,
            "X & yes": 4.05,
            "2 & yes": 3.02,
            "1 & no": 7.02,
            "X & no": 15.3,
            "2 & no": 3.33
        }
    }, {
        "Highest scoring half": {
            "1st half": 2.88,
            "equal": 3.38,
            "2nd half": 1.79
        }
    }, {
        "Handicap": {
            "1 (3:0)": 1.09,
            "X (3:0)": 7.2,
            "2 (3:0)": 11.7,
            "1 (2:0)": 1.24,
            "X (2:0)": 4.68,
            "2 (2:0)": 5.58,
            "1 (0:2)": 15.3,
            "X (0:2)": 7.56,
            "2 (0:2)": 1.06,
            "1 (1:0)": 1.66,
            "X (1:0)": 3.56,
            "2 (1:0)": 2.79,
            "1 (0:1)": 6.84,
            "X (0:1)": 4.86,
            "2 (0:1)": 1.19
        }
    }, {
        "Double chance & both teams to score": {
            "1/X & yes": 2.29,
            "X/2 & yes": 1.74,
            "1/2 & yes": 1.94,
            "1/X & no": 4.68,
            "X/2 & no": 2.66,
            "1/2 & no": 2.24
        }
    }]
}, {
    "title": "Inter Milano Vs Spezia Calcio\n",
    "date": "20/08/22 21:45",
    "prediction": [{
        "3 Way": {
            "1": 1.22,
            "X": 7.38,
            "2": 13.5
        }
    }, {
        "Both teams to score": {
            "yes": 1.75,
            "no": 1.66
        }
    }, {
        "Double chance": {
            "1 or X": 1.06,
            "X or 2": 4.05,
            "1 or 2": 1.11
        }
    }, {
        "Over/Under": {
            "over 5.5": 5.22,
            "under 5.5": 1.16,
            "OVER 4.5": 2.92,
            "UNDER 4.5": 1.32,
            "OVER 3.5": 1.8,
            "UNDER 3.5": 1.69,
            "OVER 2.5": 1.33,
            "UNDER 2.5": 2.83,
            "OVER 1.5": 1.13,
            "UNDER 1.5": 6.3,
            "OVER 0.5": 1.02,
            "UNDER 0.5": 19.8
        }
    }, {
        "1st Half - 3 Way": {
            "1": 1.48,
            "X": 2.79,
            "2": 8.64
        }
    }, {
        "1st half - Over/Under": {
            "over 2.5": 3.69,
            "under 2.5": 1.22,
            "OVER 1.5": 1.81,
            "UNDER 1.5": 1.6,
            "OVER 0.5": 1.21,
            "UNDER 0.5": 3.78
        }
    }, {
        "Halftime/Fulltime": {
            "1/1": 1.46,
            "1/X": 27.0,
            "1/2": 90.9,
            "X/1": 3.56,
            "X/X": 9.9,
            "X/2": 26.1,
            "2/X": 26.1,
            "2/2": 18.9,
            "2/1": 21.6
        }
    }, {
        "Odd/even": {
            "odd": 1.73,
            "even": 1.74
        }
    }, {
        "1st Half - Both teams to score": {
            "yes": 3.87,
            "no": 1.19
        }
    }, {
        "3 Way & Over/Under": {
            "1 & under 4.5": 1.56,
            "X & under 4.5": 7.02,
            "2 & under 4.5": 14.4,
            "1 & over 4.5": 2.92,
            "X & over 4.5": 90.9,
            "2 & over 4.5": 63.0,
            "1 & UNDER 3.5": 2.15,
            "X & UNDER 3.5": 9.9,
            "2 & UNDER 3.5": 15.3,
            "1 & OVER 3.5": 1.93,
            "X & OVER 3.5": 21.6,
            "2 & OVER 3.5": 45.0,
            "1 & UNDER 2.5": 4.05,
            "X & UNDER 2.5": 9.0,
            "2 & UNDER 2.5": 27.0,
            "1 & OVER 2.5": 1.43,
            "X & OVER 2.5": 20.7,
            "2 & OVER 2.5": 19.8,
            "1 & UNDER 1.5": 9.0,
            "X & UNDER 1.5": 27.0,
            "2 & UNDER 1.5": 36.0,
            "1 & OVER 1.5": 1.23,
            "X & OVER 1.5": 7.92,
            "2 & OVER 1.5": 15.3
        }
    }, {
        "3 Way & both teams to score": {
            "1 & yes": 2.22,
            "X & yes": 8.1,
            "2 & yes": 19.8,
            "1 & no": 1.76,
            "X & no": 27.0,
            "2 & no": 25.2
        }
    }, {
        "Highest scoring half": {
            "1st half": 2.79,
            "equal": 3.78,
            "2nd half": 1.74
        }
    }, {
        "Handicap": {
            "1 (0:4)": 6.3,
            "X (0:4)": 5.94,
            "2 (0:4)": 1.21,
            "1 (0:3)": 3.42,
            "X (0:3)": 4.23,
            "2 (0:3)": 1.47,
            "1 (0:2)": 2.02,
            "X (0:2)": 3.6,
            "2 (0:2)": 2.12,
            "1 (1:0)": 1.03,
            "X (1:0)": 8.28,
            "2 (1:0)": 22.5,
            "1 (0:1)": 1.43,
            "X (0:1)": 3.87,
            "2 (0:1)": 4.05
        }
    }, {
        "Double chance & both teams to score": {
            "1/X & yes": 1.75,
            "X/2 & yes": 5.58,
            "1/2 & yes": 1.98,
            "1/X & no": 1.64,
            "X/2 & no": 12.6,
            "1/2 & no": 1.63
        }
    }]
}, {
    "title": "Sampdoria Genoa Vs Juventus Turin\n",
    "date": "22/08/22 21:45",
    "prediction": [{
        "3 Way": {
            "1": 4.86,
            "X": 3.69,
            "2": 1.55
        }
    }, {
        "Both teams to score": {
            "yes": 1.68,
            "no": 1.72
        }
    }, {
        "Double chance": {
            "1 or X": 1.99,
            "X or 2": 1.2,
            "1 or 2": 1.22
        }
    }, {
        "Over/Under": {
            "over 5.5": 11.7,
            "under 5.5": 1.05,
            "OVER 4.5": 5.76,
            "UNDER 4.5": 1.15,
            "OVER 3.5": 2.92,
            "UNDER 3.5": 1.32,
            "OVER 2.5": 1.71,
            "UNDER 2.5": 1.79,
            "OVER 1.5": 1.24,
            "UNDER 1.5": 3.51,
            "OVER 0.5": 1.06,
            "UNDER 0.5": 10.8
        }
    }, {
        "1st Half - 3 Way": {
            "1": 4.86,
            "X": 2.06,
            "2": 2.02
        }
    }, {
        "1st half - Over/Under": {
            "over 2.5": 5.94,
            "under 2.5": 1.1,
            "OVER 1.5": 2.48,
            "UNDER 1.5": 1.37,
            "OVER 0.5": 1.31,
            "UNDER 0.5": 2.66
        }
    }, {
        "Halftime/Fulltime": {
            "1/1": 7.74,
            "1/X": 16.2,
            "1/2": 23.4,
            "X/1": 9.9,
            "X/X": 5.22,
            "X/2": 3.96,
            "2/X": 15.3,
            "2/2": 2.2,
            "2/1": 54.0
        }
    }, {
        "Odd/even": {
            "odd": 1.76,
            "even": 1.7
        }
    }, {
        "1st Half - Both teams to score": {
            "yes": 4.14,
            "no": 1.17
        }
    }, {
        "3 Way & Over/Under": {
            "1 & under 4.5": 5.04,
            "X & under 4.5": 3.56,
            "2 & under 4.5": 1.77,
            "1 & over 4.5": 31.5,
            "X & over 4.5": 81.0,
            "2 & over 4.5": 7.38,
            "1 & UNDER 3.5": 5.76,
            "X & UNDER 3.5": 4.5,
            "2 & UNDER 3.5": 2.18,
            "1 & OVER 3.5": 19.8,
            "X & OVER 3.5": 14.4,
            "2 & OVER 3.5": 4.14,
            "1 & UNDER 2.5": 9.0,
            "X & UNDER 2.5": 4.5,
            "2 & UNDER 2.5": 3.69,
            "1 & OVER 2.5": 8.28,
            "X & OVER 2.5": 14.4,
            "2 & OVER 2.5": 2.34,
            "1 & UNDER 1.5": 13.5,
            "X & UNDER 1.5": 11.7,
            "2 & UNDER 1.5": 6.84,
            "1 & OVER 1.5": 6.48,
            "X & OVER 1.5": 4.68,
            "2 & OVER 1.5": 1.82
        }
    }, {
        "3 Way & both teams to score": {
            "1 & yes": 8.82,
            "X & yes": 4.68,
            "2 & yes": 3.19,
            "1 & no": 8.1,
            "X & no": 11.7,
            "2 & no": 2.43
        }
    }, {
        "Highest scoring half": {
            "1st half": 2.88,
            "equal": 3.19,
            "2nd half": 1.85
        }
    }, {
        "Handicap": {
            "1 (3:0)": 1.12,
            "X (3:0)": 6.48,
            "2 (3:0)": 9.9,
            "1 (2:0)": 1.33,
            "X (2:0)": 4.14,
            "2 (2:0)": 4.68,
            "1 (0:2)": 23.4,
            "X (0:2)": 8.46,
            "2 (0:2)": 1.03,
            "1 (1:0)": 1.93,
            "X (1:0)": 3.24,
            "2 (1:0)": 2.38,
            "1 (0:1)": 10.8,
            "X (0:1)": 5.4,
            "2 (0:1)": 1.16
        }
    }, {
        "Double chance & both teams to score": {
            "1/X & yes": 2.97,
            "X/2 & yes": 1.9,
            "1/2 & yes": 2.34,
            "1/X & no": 4.5,
            "X/2 & no": 1.98,
            "1/2 & no": 1.86
        }
    }, {
        "Correct score": {
            "0:0": 9.9,
            "0:1": 6.12,
            "0:2": 6.66,
            "0:3": 10.8,
            "0:4": 23.4,
            "0:5": 63.0,
            "0:6": 90.9,
            "1:0": 11.7,
            "1:1": 6.12,
            "1:2": 7.2,
            "1:3": 11.7,
            "1:4": 25.2,
            "1:5": 72.0,
            "2:0": 25.2,
            "2:1": 14.4,
            "2:2": 14.4,
            "2:3": 25.2,
            "2:4": 54.0,
            "3:0": 81.0,
            "3:1": 45.0,
            "3:2": 54.0,
            "3:3": 81.0,
            "4:0": 90.9,
            "4:1": 90.9,
            "4:2": 90.9,
            "5:0": 90.9,
            "5:1": 90.9,
            "6:0": 90.9,
            "other": 31.5
        }
    }]
}, {
    "title": "Sassuolo Calcio Vs US Lecce\n",
    "date": "20/08/22 21:45",
    "prediction": [{
        "3 Way": {
            "1": 1.69,
            "X": 3.6,
            "2": 3.96
        }
    }, {
        "Both teams to score": {
            "yes": 1.61,
            "no": 1.93
        }
    }, {
        "Double chance": {
            "1 or X": 1.2,
            "X or 2": 1.79,
            "1 or 2": 1.23
        }
    }, {
        "Over/Under": {
            "over 5.5": 9.9,
            "under 5.5": 1.07,
            "OVER 4.5": 4.86,
            "UNDER 4.5": 1.18,
            "OVER 3.5": 2.61,
            "UNDER 3.5": 1.39,
            "OVER 2.5": 1.59,
            "UNDER 2.5": 1.94,
            "OVER 1.5": 1.19,
            "UNDER 1.5": 3.96,
            "OVER 0.5": 1.05,
            "UNDER 0.5": 11.7
        }
    }, {
        "1st Half - 3 Way": {
            "1": 2.15,
            "X": 2.1,
            "2": 4.05
        }
    }, {
        "1st half - Over/Under": {
            "over 2.5": 5.4,
            "under 2.5": 1.12,
            "OVER 1.5": 2.29,
            "UNDER 1.5": 1.42,
            "OVER 0.5": 1.28,
            "UNDER 0.5": 2.83
        }
    }, {
        "Halftime/Fulltime": {
            "1/1": 2.43,
            "1/X": 13.5,
            "1/2": 40.5,
            "X/1": 4.32,
            "X/X": 5.22,
            "X/2": 8.46,
            "2/X": 14.4,
            "2/2": 6.12,
            "2/1": 22.5
        }
    }, {
        "Odd/even": {
            "odd": 1.77,
            "even": 1.69
        }
    }, {
        "1st Half - Both teams to score": {
            "yes": 3.69,
            "no": 1.21
        }
    }, {
        "3 Way & Over/Under": {
            "1 & under 4.5": 2.02,
            "X & under 4.5": 3.51,
            "2 & under 4.5": 4.32,
            "1 & over 4.5": 7.02,
            "X & over 4.5": 54.0,
            "2 & over 4.5": 19.8,
            "1 & UNDER 3.5": 2.52,
            "X & UNDER 3.5": 4.68,
            "2 & UNDER 3.5": 5.04,
            "1 & OVER 3.5": 4.14,
            "X & OVER 3.5": 10.8,
            "2 & OVER 3.5": 12.6,
            "1 & UNDER 2.5": 4.41,
            "X & UNDER 2.5": 4.68,
            "2 & UNDER 2.5": 8.82,
            "1 & OVER 2.5": 2.43,
            "X & OVER 2.5": 10.8,
            "2 & OVER 2.5": 5.94,
            "1 & UNDER 1.5": 8.28,
            "X & UNDER 1.5": 13.5,
            "2 & UNDER 1.5": 13.5,
            "1 & OVER 1.5": 1.94,
            "X & OVER 1.5": 4.32,
            "2 & OVER 1.5": 4.86
        }
    }, {
        "3 Way & both teams to score": {
            "1 & yes": 3.1,
            "X & yes": 4.14,
            "2 & yes": 6.48,
            "1 & no": 2.92,
            "X & no": 13.5,
            "2 & no": 7.2
        }
    }, {
        "Highest scoring half": {
            "1st half": 2.88,
            "equal": 3.29,
            "2nd half": 1.82
        }
    }, {
        "Handicap": {
            "1 (0:3)": 10.8,
            "X (0:3)": 7.02,
            "2 (0:3)": 1.1,
            "1 (2:0)": 1.05,
            "X (2:0)": 7.92,
            "2 (2:0)": 18.0,
            "1 (0:2)": 5.4,
            "X (0:2)": 4.5,
            "2 (0:2)": 1.26,
            "1 (1:0)": 1.21,
            "X (1:0)": 4.86,
            "2 (1:0)": 7.92,
            "1 (0:1)": 2.66,
            "X (0:1)": 3.42,
            "2 (0:1)": 1.74
        }
    }, {
        "Double chance & both teams to score": {
            "1/X & yes": 1.8,
            "X/2 & yes": 2.52,
            "1/2 & yes": 2.1,
            "1/X & no": 2.34,
            "X/2 & no": 4.5,
            "1/2 & no": 2.08
        }
    }]
}, {
    "title": "Torino FC Vs Lazio Rome\n",
    "date": "20/08/22 19:30",
    "prediction": [{
        "3 Way": {
            "1": 2.92,
            "X": 3.29,
            "2": 2.11
        }
    }, {
        "Both teams to score": {
            "yes": 1.6,
            "no": 1.93
        }
    }, {
        "Double chance": {
            "1 or X": 1.58,
            "X or 2": 1.33,
            "1 or 2": 1.26
        }
    }, {
        "Over/Under": {
            "over 5.5": 10.8,
            "under 5.5": 1.05,
            "OVER 4.5": 5.58,
            "UNDER 4.5": 1.15,
            "OVER 3.5": 2.83,
            "UNDER 3.5": 1.34,
            "OVER 2.5": 1.68,
            "UNDER 2.5": 1.82,
            "OVER 1.5": 1.22,
            "UNDER 1.5": 3.6,
            "OVER 0.5": 1.06,
            "UNDER 0.5": 10.8
        }
    }, {
        "1st Half - 3 Way": {
            "1": 3.29,
            "X": 2.0,
            "2": 2.61
        }
    }, {
        "1st half - Over/Under": {
            "over 2.5": 5.76,
            "under 2.5": 1.11,
            "OVER 1.5": 2.43,
            "UNDER 1.5": 1.38,
            "OVER 0.5": 1.31,
            "UNDER 0.5": 2.66
        }
    }, {
        "Halftime/Fulltime": {
            "1/1": 4.5,
            "1/X": 13.5,
            "1/2": 26.1,
            "X/1": 6.48,
            "X/X": 4.86,
            "X/2": 5.04,
            "2/X": 12.6,
            "2/2": 3.15,
            "2/1": 31.5
        }
    }, {
        "Odd/even": {
            "odd": 1.78,
            "even": 1.68
        }
    }, {
        "1st Half - Both teams to score": {
            "yes": 3.78,
            "no": 1.2
        }
    }, {
        "3 Way & Over/Under": {
            "1 & under 4.5": 3.24,
            "X & under 4.5": 3.19,
            "2 & under 4.5": 2.43,
            "1 & over 4.5": 15.3,
            "X & over 4.5": 54.0,
            "2 & over 4.5": 9.9,
            "1 & UNDER 3.5": 3.78,
            "X & UNDER 3.5": 4.23,
            "2 & UNDER 3.5": 2.88,
            "1 & OVER 3.5": 9.0,
            "X & OVER 3.5": 10.8,
            "2 & OVER 3.5": 5.94,
            "1 & UNDER 2.5": 6.66,
            "X & UNDER 2.5": 4.23,
            "2 & UNDER 2.5": 5.04,
            "1 & OVER 2.5": 4.5,
            "X & OVER 2.5": 10.8,
            "2 & OVER 2.5": 3.15,
            "1 & UNDER 1.5": 10.8,
            "X & UNDER 1.5": 11.7,
            "2 & UNDER 1.5": 8.82,
            "1 & OVER 1.5": 3.56,
            "X & OVER 1.5": 3.96,
            "2 & OVER 1.5": 2.52
        }
    }, {
        "3 Way & both teams to score": {
            "1 & yes": 5.04,
            "X & yes": 3.87,
            "2 & yes": 3.87,
            "1 & no": 5.22,
            "X & no": 11.7,
            "2 & no": 3.69
        }
    }, {
        "Highest scoring half": {
            "1st half": 2.92,
            "equal": 3.19,
            "2nd half": 1.83
        }
    }, {
        "Handicap": {
            "1 (3:0)": 1.04,
            "X (3:0)": 8.28,
            "2 (3:0)": 17.1,
            "1 (2:0)": 1.19,
            "X (2:0)": 5.4,
            "2 (2:0)": 8.1,
            "1 (0:2)": 12.6,
            "X (0:2)": 6.66,
            "2 (0:2)": 1.09,
            "1 (1:0)": 1.52,
            "X (1:0)": 3.6,
            "2 (1:0)": 3.69,
            "1 (0:1)": 5.58,
            "X (0:1)": 4.23,
            "2 (0:1)": 1.27
        }
    }, {
        "Double chance & both teams to score": {
            "1/X & yes": 2.19,
            "X/2 & yes": 1.93,
            "1/2 & yes": 2.18,
            "1/X & no": 3.46,
            "X/2 & no": 2.74,
            "1/2 & no": 2.14
        }
    }]
}, {
    "title": "Udinese Calcio Vs US Salernitana\n",
    "date": "20/08/22 19:30",
    "prediction": [{
        "3 Way": {
            "1": 1.67,
            "X": 3.6,
            "2": 4.14
        }
    }, {
        "Both teams to score": {
            "yes": 1.58,
            "no": 1.83
        }
    }, {
        "Double chance": {
            "1 or X": 1.24,
            "X or 2": 1.83,
            "1 or 2": 1.23
        }
    }, {
        "Over/Under": {
            "over 5.5": 10.8,
            "under 5.5": 1.05,
            "OVER 4.5": 5.4,
            "UNDER 4.5": 1.16,
            "OVER 3.5": 2.79,
            "UNDER 3.5": 1.35,
            "OVER 2.5": 1.66,
            "UNDER 2.5": 1.84,
            "OVER 1.5": 1.21,
            "UNDER 1.5": 3.69,
            "OVER 0.5": 1.05,
            "UNDER 0.5": 10.8
        }
    }, {
        "1st Half - 3 Way": {
            "1": 2.13,
            "X": 2.06,
            "2": 4.23
        }
    }, {
        "1st half - Over/Under": {
            "over 2.5": 5.76,
            "under 2.5": 1.11,
            "OVER 1.5": 2.38,
            "UNDER 1.5": 1.39,
            "OVER 0.5": 1.3,
            "UNDER 0.5": 2.74
        }
    }, {
        "Halftime/Fulltime": {
            "1/1": 2.38,
            "1/X": 14.4,
            "1/2": 45.0,
            "X/1": 4.23,
            "X/X": 5.22,
            "X/2": 8.64,
            "2/X": 14.4,
            "2/2": 6.48,
            "2/1": 23.4
        }
    }, {
        "Odd/even": {
            "odd": 1.76,
            "even": 1.69
        }
    }, {
        "1st Half - Both teams to score": {
            "yes": 3.87,
            "no": 1.19
        }
    }, {
        "3 Way & Over/Under": {
            "1 & under 4.5": 1.93,
            "X & under 4.5": 3.46,
            "2 & under 4.5": 4.41,
            "1 & over 4.5": 7.56,
            "X & over 4.5": 63.0,
            "2 & over 4.5": 23.4,
            "1 & UNDER 3.5": 2.38,
            "X & UNDER 3.5": 4.5,
            "2 & UNDER 3.5": 5.04,
            "1 & OVER 3.5": 4.32,
            "X & OVER 3.5": 11.7,
            "2 & OVER 3.5": 14.4,
            "1 & UNDER 2.5": 4.14,
            "X & UNDER 2.5": 4.5,
            "2 & UNDER 2.5": 8.64,
            "1 & OVER 2.5": 2.43,
            "X & OVER 2.5": 12.6,
            "2 & OVER 2.5": 6.66,
            "1 & UNDER 1.5": 7.56,
            "X & UNDER 1.5": 12.6,
            "2 & UNDER 1.5": 12.6,
            "1 & OVER 1.5": 1.93,
            "X & OVER 1.5": 4.41,
            "2 & OVER 1.5": 5.22
        }
    }, {
        "3 Way & both teams to score": {
            "1 & yes": 3.19,
            "X & yes": 4.32,
            "2 & yes": 7.2,
            "1 & no": 2.74,
            "X & no": 11.7,
            "2 & no": 7.2
        }
    }, {
        "Highest scoring half": {
            "1st half": 2.88,
            "equal": 3.24,
            "2nd half": 1.84
        }
    }, {
        "Handicap": {
            "1 (0:3)": 11.7,
            "X (0:3)": 6.84,
            "2 (0:3)": 1.1,
            "1 (2:0)": 1.04,
            "X (2:0)": 7.92,
            "2 (2:0)": 19.8,
            "1 (0:2)": 5.4,
            "X (0:2)": 4.41,
            "2 (0:2)": 1.27,
            "1 (1:0)": 1.2,
            "X (1:0)": 5.04,
            "2 (1:0)": 8.64,
            "1 (0:1)": 2.66,
            "X (0:1)": 3.33,
            "2 (0:1)": 1.77
        }
    }, {
        "Double chance & both teams to score": {
            "1/X & yes": 1.84,
            "X/2 & yes": 2.66,
            "1/2 & yes": 2.21,
            "1/X & no": 2.21,
            "X/2 & no": 4.41,
            "1/2 & no": 1.99
        }
    }]
}]